Agent,ME Nash Probability,RD Nash Probability,ME Nash Regret,RD Nash Regret,Probability Difference,Regret Difference
anthropic_3.7_sonnet_circle_5,0.0,1.7396439240654903e-28,,-67.23050159382797,1.7396439240654903e-28,
anthropic_3.7_sonnet_circle_6,0.0,2.5044463187066223e-07,,47.06573821263555,2.5044463187066223e-07,
anthropic_sonnet_3.7_reasoning_circle_0,0.0,1.048921545259522e-24,,37.044074471890326,1.048921545259522e-24,
gemini_2.0_flash_circle_2,0.07449772468655183,1.895989513158426e-43,-48.24054887791719,-32.59870350677704,0.07449772468655183,15.64184537114015
gemini_2.0_flash_circle_5,0.0757214982134455,5.450031695376923e-17,-41.57280700333393,101.3012385521132,0.07572149821344544,142.87404555544714
openai_4o_circle_4,0.0,1.3083086607916989e-27,,30.063381137322153,1.3083086607916989e-27,
openai_4o_circle_5,0.0,1.944563034561492e-17,,-122.50423641019506,1.944563034561492e-17,
openai_4o_circle_6,0.0,1.478501860136618e-26,,-72.02231205585917,1.478501860136618e-26,
openai_o3_mini_circle_0,0.0,0.9999997495553681,,-1.1787364428528235e-05,0.9999997495553681,
