,anthropic_3.7_sonnet_circle_5,anthropic_3.7_sonnet_circle_6,anthropic_sonnet_3.7_reasoning_circle_0,gemini_2.0_flash_circle_2,gemini_2.0_flash_circle_5,openai_4o_circle_4,openai_4o_circle_5,openai_4o_circle_6,openai_o3_mini_circle_0
anthropic_3.7_sonnet_circle_5,0.668898682216708,0.6112479008056159,0.7169783313720608,0.7525619541805442,0.6733763428020423,0.7704954829828429,0.8758200796890463,0.7535599824593228,0.7767491665303244
anthropic_3.7_sonnet_circle_6,0.6112479008056159,0.6870354449059248,0.6278499411797985,0.7267674981062088,0.5715502949759322,0.8433536274114082,0.8422371699644458,0.7412286842442102,0.7726511658829568
anthropic_sonnet_3.7_reasoning_circle_0,0.7169783313720608,0.6278499411797985,0.6702133277878646,0.780254077894458,0.669916360570972,0.7795985962232826,0.6996030188508092,0.719305766774465,0.7288418412952371
gemini_2.0_flash_circle_2,0.7525619541805442,0.7267674981062088,0.780254077894458,0.6434861646784432,0.6803577468689734,0.7465375538204934,0.7186346756375074,0.7565547211595828,0.6926869050324769
gemini_2.0_flash_circle_5,0.6733763428020423,0.5715502949759322,0.669916360570972,0.6803577468689734,0.4695881568371013,0.7133026942972028,0.6613197142061624,0.6591252371004727,0.7016531470892449
openai_4o_circle_4,0.7704954829828429,0.8433536274114082,0.7795985962232826,0.7465375538204934,0.7133026942972028,0.7553013601546289,0.8072637302434001,0.8559501653090874,0.7394689160476188
openai_4o_circle_5,0.8758200796890463,0.8422371699644458,0.6996030188508092,0.7186346756375074,0.6613197142061624,0.8072637302434001,0.8178272599643481,0.8283256312447425,0.8774055841817507
openai_4o_circle_6,0.7535599824593228,0.7412286842442102,0.719305766774465,0.7565547211595828,0.6591252371004727,0.8559501653090874,0.8283256312447425,0.7781321150020467,0.8092249346179151
openai_o3_mini_circle_0,0.7767491665303244,0.7726511658829568,0.7288418412952371,0.6926869050324769,0.7016531470892449,0.7394689160476188,0.8774055841817507,0.8092249346179151,0.8949918947307193
