Agent,RD Nash Regret,RD Expected Utility,RD Max Utility,RD Nash Value
anthropic_3.7_sonnet_circle_5,-67.23050159382797,533.936136369275,640.9925000000001,624.9229761259276
anthropic_3.7_sonnet_circle_6,47.06573821263555,600.7924837760639,653.5702564102563,624.9229761259276
anthropic_sonnet_3.7_reasoning_circle_0,37.044074471890326,548.9725339739962,603.96975,624.9229761259276
gemini_2.0_flash_circle_2,-32.59870350677704,480.8592489703178,589.799,624.9229761259276
gemini_2.0_flash_circle_5,101.3012385521132,571.4509824854051,580.0170588235295,624.9229761259276
openai_4o_circle_4,30.063381137322153,530.8418404558488,638.7826315789474,624.9229761259276
openai_4o_circle_5,-122.50423641019506,564.093998536787,612.51325,624.9229761259276
openai_4o_circle_6,-72.02231205585917,539.7763959469032,617.6377500000001,624.9229761259276
openai_o3_mini_circle_0,-1.1787364428528235e-05,624.9229821692813,686.59825,624.9229761259276
