,anthropic_3.7_sonnet_circle_5,anthropic_3.7_sonnet_circle_6,anthropic_sonnet_3.7_reasoning_circle_0,gemini_2.0_flash_circle_2,gemini_2.0_flash_circle_5,openai_4o_circle_4,openai_4o_circle_5,openai_4o_circle_6,openai_o3_mini_circle_0
anthropic_3.7_sonnet_circle_5,0.5160448900291591,0.5337876581750425,0.5173909481668587,0.505066871018016,0.5156588052000808,0.5582566290515427,0.5901217407603525,0.5630686749809107,0.5452665370378793
anthropic_3.7_sonnet_circle_6,0.4942033386361383,0.5098763255656472,0.5239619259055598,0.5292862491340127,0.46137217804201924,0.6307136091273907,0.5881233543700489,0.6072440551192892,0.5881041980666265
anthropic_sonnet_3.7_reasoning_circle_0,0.5200229092594066,0.48515895518643876,0.4899816851534212,0.5228988037299,0.44575402152807025,0.5957866306082625,0.504414120324377,0.5163282232723188,0.5411585401967576
gemini_2.0_flash_circle_2,0.5472066170482188,0.5394351731184552,0.4707340482585075,0.5326797206959639,0.5359369271664611,0.4575964742918878,0.5164627700086654,0.5675609262214055,0.5158703076496672
gemini_2.0_flash_circle_5,0.5143275018243487,0.5580261782071103,0.521141620354652,0.5104772338530015,0.46888268255475335,0.4718766615522894,0.5297143182269043,0.5304146180916804,0.5652923638111795
openai_4o_circle_4,0.513021594579431,0.525308064665504,0.479955142702069,0.5508873120911729,0.5661841330172095,0.5556611530432115,0.5844854536375745,0.5747656033163617,0.5514052668454024
openai_4o_circle_5,0.5714176363806652,0.5327070005592139,0.5548471634122151,0.5224573331726338,0.49791878795023636,0.5051909500376895,0.5607132400047057,0.5302452444278574,0.49470832054421876
openai_4o_circle_6,0.5241423003246173,0.5297624477421806,0.5196231789799548,0.5047948334082282,0.48371112277360656,0.5412685321942047,0.5733623531938115,0.5464893853895724,0.54528506846001
openai_o3_mini_circle_0,0.5744127715025059,0.5117364905324993,0.5460327386579586,0.4970440874783441,0.5119381510852409,0.525632525689341,0.6401676389003208,0.5977930162994309,0.5618685436312855
