,anthropic_3.7_sonnet_circle_5,anthropic_3.7_sonnet_circle_6,anthropic_sonnet_3.7_reasoning_circle_0,gemini_2.0_flash_circle_2,gemini_2.0_flash_circle_5,openai_4o_circle_4,openai_4o_circle_5,openai_4o_circle_6,openai_o3_mini_circle_0
anthropic_3.7_sonnet_circle_5,65158.84041313131,62805.1617125,52241.6724325,78834.542783125,62637.075650625,39654.397575,56080.425328125,56499.85521282051,48717.97674807693
anthropic_3.7_sonnet_circle_6,62805.1617125,77819.15805277778,46366.126970625,59721.70236891892,68043.43690875001,33771.23170897436,41600.152328205135,42900.861371710525,70041.67851687499
anthropic_sonnet_3.7_reasoning_circle_0,52241.6724325,46366.126970625,55786.492231250006,49437.05712437501,65036.02709625,25671.261364375,42300.45485833333,51350.35128312501,44104.192593589745
gemini_2.0_flash_circle_2,78834.542783125,59721.70236891892,49437.05712437501,59907.57449823233,61746.37097375,42768.00267272728,66480.59906057693,48626.6800138158,35104.73421346154
gemini_2.0_flash_circle_5,62637.075650625,68043.43690875001,65036.02709625,61746.37097375,124578.60434722224,37748.68903910257,73965.38603581082,83212.8086875,54675.774994374995
openai_4o_circle_4,39654.397575,33771.23170897436,25671.261364375,42768.00267272728,37748.68903910257,49032.00951874999,47717.23387434211,47193.33168092106,28465.47353355263
openai_4o_circle_5,56080.425328125,41600.152328205135,42300.45485833333,66480.59906057693,73965.38603581082,47717.23387434211,47237.121657474236,62016.034280625,62955.335189375
openai_4o_circle_6,56499.85521282051,42900.861371710525,51350.35128312501,48626.6800138158,83212.8086875,47193.33168092106,62016.034280625,44629.716821614595,52081.8448775641
openai_o3_mini_circle_0,48717.97674807693,70041.67851687499,44104.192593589745,35104.73421346154,54675.774994374995,28465.47353355263,62955.335189375,52081.8448775641,45289.435625000006
