,anthropic_3.7_sonnet_circle_5,anthropic_3.7_sonnet_circle_6,anthropic_sonnet_3.7_reasoning_circle_0,gemini_2.0_flash_circle_2,gemini_2.0_flash_circle_5,openai_4o_circle_4,openai_4o_circle_5,openai_4o_circle_6,openai_o3_mini_circle_0
anthropic_3.7_sonnet_circle_5,0.2018296244984359,0.22518775792424028,0.17019439747475265,0.20218816646301158,0.21616256387421454,0.14757743724289038,0.15249424864254957,0.18347994666825393,0.18052239609886384
anthropic_3.7_sonnet_circle_6,0.22518775792424028,0.21635965790060602,0.18982424794348618,0.20202246567844115,0.25013886293798193,0.14346394338998097,0.15572415647968202,0.15920312999928937,0.199395390991072
anthropic_sonnet_3.7_reasoning_circle_0,0.17019439747475265,0.18982424794348618,0.2120683859146073,0.1480932633162469,0.2152495285958312,0.14198895416183502,0.15819224463886702,0.17878251041262763,0.17657291387140908
gemini_2.0_flash_circle_2,0.20218816646301158,0.20202246567844115,0.1480932633162469,0.20563974108088356,0.20462929018931186,0.17151153952475082,0.1913419273295796,0.16610062147914872,0.16403714494520938
gemini_2.0_flash_circle_5,0.21616256387421454,0.25013886293798193,0.2152495285958312,0.20462929018931186,0.3217635503799482,0.1679580681924598,0.21728301900416802,0.2380197020917933,0.1898304273322334
openai_4o_circle_4,0.14757743724289038,0.14346394338998097,0.14198895416183502,0.17151153952475082,0.1679580681924598,0.15892200293185454,0.15554634005724766,0.143990688846353,0.14619315673988714
openai_4o_circle_5,0.15249424864254957,0.15572415647968202,0.15819224463886702,0.1913419273295796,0.21728301900416802,0.15554634005724766,0.15376849480062796,0.17006335371896367,0.16716977964203333
openai_4o_circle_6,0.18347994666825393,0.15920312999928937,0.17878251041262763,0.16610062147914872,0.2380197020917933,0.143990688846353,0.17006335371896367,0.16124191471989852,0.15435922667596053
openai_o3_mini_circle_0,0.18052239609886384,0.199395390991072,0.17657291387140908,0.16403714494520938,0.1898304273322334,0.14619315673988714,0.16716977964203333,0.15435922667596053,0.14600275548650504
