,anthropic_3.7_sonnet_circle_5,anthropic_3.7_sonnet_circle_6,anthropic_sonnet_3.7_reasoning_circle_0,gemini_2.0_flash_circle_2,gemini_2.0_flash_circle_5,openai_4o_circle_4,openai_4o_circle_5,openai_4o_circle_6,openai_o3_mini_circle_0
anthropic_3.7_sonnet_circle_5,0.660618987724488,0.6036818134261199,0.7081035021951974,0.7432466673774162,0.6650412233812464,0.7609582131745184,0.8649790915352863,0.744232341962784,0.7671344880043561
anthropic_3.7_sonnet_circle_6,0.6036818134261199,0.6785312517592196,0.6200783520914486,0.7177714976487806,0.5644755885141758,0.8329145122366981,0.8318118744111822,0.7320536817848333,0.7630872128170486
anthropic_sonnet_3.7_reasoning_circle_0,0.7081035021951974,0.6200783520914486,0.6619173604818627,0.7705960152266325,0.6616240691547505,0.7699486471728507,0.6909432630224327,0.7104021283704426,0.7198201644112682
gemini_2.0_flash_circle_2,0.7432466673774162,0.7177714976487806,0.7705960152266325,0.6355210288586933,0.671936210933483,0.7372968376448852,0.7097393440664005,0.7471900114892196,0.6841127575495969
gemini_2.0_flash_circle_5,0.6650412233812464,0.5644755885141758,0.6616240691547505,0.671936210933483,0.463775547873826,0.7044733625220433,0.6531338329346319,0.6509665192850652,0.692968014569397
openai_4o_circle_4,0.7609582131745184,0.8329145122366981,0.7699486471728507,0.7372968376448852,0.7044733625220433,0.7459521647115849,0.7972713394093877,0.8453551289340142,0.7303156961742033
openai_4o_circle_5,0.8649790915352863,0.8318118744111822,0.6909432630224327,0.7097393440664005,0.6531338329346319,0.7972713394093877,0.8077041127076156,0.8180725341029549,0.8665449704955076
openai_4o_circle_6,0.744232341962784,0.7320536817848333,0.7104021283704426,0.7471900114892196,0.6509665192850652,0.8453551289340142,0.8180725341029549,0.768500318202192,0.7992082678008733
openai_o3_mini_circle_0,0.7671344880043561,0.7630872128170486,0.7198201644112682,0.6841127575495969,0.692968014569397,0.7303156961742033,0.8665449704955076,0.7992082678008733,0.8839135959413926
