,anthropic_3.7_sonnet_circle_5,anthropic_3.7_sonnet_circle_6,anthropic_sonnet_3.7_reasoning_circle_0,gemini_2.0_flash_circle_2,gemini_2.0_flash_circle_5,openai_4o_circle_4,openai_4o_circle_5,openai_4o_circle_6,openai_o3_mini_circle_0
anthropic_3.7_sonnet_circle_5,0.5831605844046619,0.5328993650707211,0.6250774801092389,0.6561000651791662,0.5870643073946009,0.6717349100590043,0.7635592102113493,0.6569701681854634,0.6771870089331501
anthropic_3.7_sonnet_circle_6,0.5328993650707211,0.5989726130574942,0.5473733890512043,0.6336118909928155,0.49829011911080145,0.7352542429762075,0.7342808908160924,0.6462194711594774,0.673614281828217
anthropic_sonnet_3.7_reasoning_circle_0,0.6250774801092389,0.5473733890512043,0.5843067213308404,0.6802426677552322,0.5840478187789948,0.6796712044161771,0.6099293004618703,0.6271065894878551,0.6354203490127368
gemini_2.0_flash_circle_2,0.6561000651791662,0.6336118909928155,0.6802426677552322,0.5610053926352649,0.5931508490247094,0.6508478604311883,0.6265215174731819,0.6595810472573064,0.6038996803066298
gemini_2.0_flash_circle_5,0.5870643073946009,0.49829011911080145,0.5840478187789948,0.5931508490247094,0.40939728429889843,0.6218729788572254,0.5765530733843577,0.5746398799733976,0.6117166473552273
openai_4o_circle_4,0.6717349100590043,0.7352542429762075,0.6796712044161771,0.6508478604311883,0.6218729788572254,0.6584883395639726,0.7037902767835198,0.7462361817917277,0.6446852665374259
openai_4o_circle_5,0.7635592102113493,0.7342808908160924,0.6099293004618703,0.6265215174731819,0.5765530733843577,0.7037902767835198,0.7129997943520539,0.7221525053588735,0.7649414879032076
openai_4o_circle_6,0.6569701681854634,0.6462194711594774,0.6271065894878551,0.6595810472573064,0.5746398799733976,0.7462361817917277,0.7221525053588735,0.6783926938304479,0.7055000978963211
openai_o3_mini_circle_0,0.6771870089331501,0.673614281828217,0.6354203490127368,0.6038996803066298,0.6117166473552273,0.6446852665374259,0.7649414879032076,0.7055000978963211,0.7802736202723006
