,anthropic_3.7_sonnet_circle_5,anthropic_3.7_sonnet_circle_6,anthropic_sonnet_3.7_reasoning_circle_0,gemini_2.0_flash_circle_2,gemini_2.0_flash_circle_5,openai_4o_circle_4,openai_4o_circle_5,openai_4o_circle_6,openai_o3_mini_circle_0
anthropic_3.7_sonnet_circle_5,0.6591939101989315,0.6023795599322203,0.7065759917761856,0.7416433466414005,0.6636066062742303,0.7593166853534397,0.8631131714113902,0.7426268949441076,0.7654796368144139
anthropic_3.7_sonnet_circle_6,0.6023795599322203,0.6770675341621817,0.618740728226453,0.716223131572735,0.5632579101097333,0.8311177613497963,0.8300175021183159,0.7304745063920616,0.7614410923493781
anthropic_sonnet_3.7_reasoning_circle_0,0.7065759917761856,0.618740728226453,0.660489482125766,0.7689336968812797,0.6601968234823739,0.7682877253203044,0.6894527704179748,0.7088696593889873,0.7182673789815335
gemini_2.0_flash_circle_2,0.7416433466414005,0.716223131572735,0.7689336968812797,0.6341500922794036,0.6704867200611313,0.7357063517937129,0.7082083048334593,0.7455781842295139,0.682636999610685
gemini_2.0_flash_circle_5,0.6636066062742303,0.5632579101097333,0.6601968234823739,0.6704867200611313,0.46277509811010653,0.7029536829867316,0.6517249022744617,0.6495622639218971,0.6914731542007997
openai_4o_circle_4,0.7593166853534397,0.8311177613497963,0.7682877253203044,0.7357063517937129,0.7029536829867316,0.7443430077166698,0.7955514774485984,0.8435315413324722,0.7287402699383276
openai_4o_circle_5,0.8631131714113902,0.8300175021183159,0.6894527704179748,0.7082083048334593,0.6517249022744617,0.7955514774485984,0.8059617453223185,0.8163078001121249,0.8646756724806401
openai_4o_circle_6,0.7426268949441076,0.7304745063920616,0.7088696593889873,0.7455781842295139,0.6495622639218971,0.8435315413324722,0.8163078001121249,0.766842520663515,0.7974842275267586
openai_o3_mini_circle_0,0.7654796368144139,0.7614410923493781,0.7182673789815335,0.682636999610685,0.6914731542007997,0.7287402699383276,0.8646756724806401,0.7974842275267586,0.8820068305841803
