Agent,ME Nash Probability,RD Nash Probability,ME Nash Regret,RD Nash Regret,Probability Difference,Regret Difference
anthropic_3.7_sonnet_circle_5,0.0,1.5378569497469544e-37,,-67.23050164788049,1.5378569497469544e-37,
anthropic_3.7_sonnet_circle_6,0.0,2.4923882821914427e-07,,47.065738269387566,2.4923882821914427e-07,
anthropic_sonnet_3.7_reasoning_circle_0,0.0,1.4903389396512925e-38,,37.04407460714458,1.4903389396512925e-38,
gemini_2.0_flash_circle_2,0.1264999581804773,3.106381946852755e-46,-51.21020005274755,-32.5987035763099,0.1264999581804773,18.61149647643765
gemini_2.0_flash_circle_5,0.06092622073806482,2.650185603503948e-24,-34.845639434322166,101.3012386072308,0.06092622073806482,136.14687804155295
openai_4o_circle_4,0.0,2.7496730610174202e-30,,30.063381329500487,2.7496730610174202e-30,
openai_4o_circle_5,0.0,5.5686915106361675e-18,,-122.50423647562536,5.5686915106361675e-18,
openai_4o_circle_6,0.0,9.973250227064109e-33,,-72.0223120348503,9.973250227064109e-33,
openai_o3_mini_circle_0,0.0,0.9999997507611718,,-1.1730612413884955e-05,0.9999997507611718,
