Agent,RD Nash Regret,RD Expected Utility,RD Max Utility,RD Nash Value
anthropic_3.7_sonnet_circle_5,-67.23050165410314,533.9361364631067,640.9925000000001,624.9229762541052
anthropic_3.7_sonnet_circle_6,47.06573827592081,600.7924838631687,653.5702564102563,624.9229762541052
anthropic_sonnet_3.7_reasoning_circle_0,37.044074622714845,548.9725341357537,603.96975,624.9229762541052
gemini_2.0_flash_circle_2,-32.59870358431431,480.85924887259785,589.799,624.9229762541052
gemini_2.0_flash_circle_5,101.30123861357589,571.4509825794394,580.0170588235295,624.9229762541052
openai_4o_circle_4,30.06338135162372,530.8418404647043,638.7826315789474,624.9229762541052
openai_4o_circle_5,-122.50423648315746,564.0939985446428,612.51325,624.9229762541052
openai_4o_circle_6,-72.02231203243173,539.7763960237295,617.6377500000001,624.9229762541052
openai_o3_mini_circle_0,-1.1724079172381607e-05,624.9229822650128,686.59825,624.9229762541052
