Agent,RD Nash Regret,RD Expected Utility,RD Max Utility,RD Nash Value
anthropic_3.7_sonnet_circle_5,-67.23050164788049,533.9361364534201,640.9925000000001,624.922976240873
anthropic_3.7_sonnet_circle_6,47.065738269387566,600.7924838541765,653.5702564102563,624.922976240873
anthropic_sonnet_3.7_reasoning_circle_0,37.04407460714458,548.9725341190548,603.96975,624.922976240873
gemini_2.0_flash_circle_2,-32.5987035763099,480.8592488826859,589.799,624.922976240873
gemini_2.0_flash_circle_5,101.3012386072308,571.4509825697318,580.0170588235295,624.922976240873
openai_4o_circle_4,30.063381329500487,530.8418404637902,638.7826315789474,624.922976240873
openai_4o_circle_5,-122.50423647562536,564.0939985438317,612.51325,624.922976240873
openai_4o_circle_6,-72.0223120348503,539.7763960157984,617.6377500000001,624.922976240873
openai_o3_mini_circle_0,-1.1730612413884955e-05,624.9229822551301,686.59825,624.922976240873
