,anthropic_3.7_sonnet_circle_5,anthropic_3.7_sonnet_circle_6,anthropic_sonnet_3.7_reasoning_circle_0,gemini_2.0_flash_circle_2,gemini_2.0_flash_circle_5,openai_4o_circle_4,openai_4o_circle_5,openai_4o_circle_6,openai_o3_mini_circle_0
anthropic_3.7_sonnet_circle_5,0.20202020202020202,0.1,0.2,0.2,0.025,0.225,0.15,0.20512820512820512,0.1282051282051282
anthropic_3.7_sonnet_circle_6,0.1,0.1414141414141414,0.225,0.13513513513513514,0.125,0.07692307692307693,0.1282051282051282,0.15789473684210525,0.175
anthropic_sonnet_3.7_reasoning_circle_0,0.2,0.225,0.1,0.25,0.15,0.375,0.20512820512820512,0.2,0.1794871794871795
gemini_2.0_flash_circle_2,0.2,0.13513513513513514,0.25,0.0707070707070707,0.05,0.06060606060606061,0.11538461538461539,0.18421052631578946,0.1794871794871795
gemini_2.0_flash_circle_5,0.025,0.125,0.15,0.05,0.020202020202020204,0.1794871794871795,0.13513513513513514,0.029411764705882353,0.15
openai_4o_circle_4,0.225,0.07692307692307693,0.375,0.06060606060606061,0.1794871794871795,0.25,0.2631578947368421,0.13157894736842105,0.2894736842105263
openai_4o_circle_5,0.15,0.1282051282051282,0.20512820512820512,0.11538461538461539,0.13513513513513514,0.2631578947368421,0.23711340206185566,0.15,0.125
openai_4o_circle_6,0.20512820512820512,0.15789473684210525,0.2,0.18421052631578946,0.029411764705882353,0.13157894736842105,0.15,0.20833333333333334,0.2564102564102564
openai_o3_mini_circle_0,0.1282051282051282,0.175,0.1794871794871795,0.1794871794871795,0.15,0.2894736842105263,0.125,0.2564102564102564,0.3
