,anthropic_3.7_sonnet_circle_5,anthropic_3.7_sonnet_circle_6,anthropic_sonnet_3.7_reasoning_circle_0,gemini_2.0_flash_circle_2,gemini_2.0_flash_circle_5,openai_4o_circle_4,openai_4o_circle_5,openai_4o_circle_6,openai_o3_mini_circle_0
anthropic_3.7_sonnet_circle_5,0.6704599640141338,0.6126746194501795,0.7186518362655229,0.7543185150943786,0.6749480759430764,0.7722939026905831,0.8778643383856058,0.7553188728789949,0.7785621830111622
anthropic_3.7_sonnet_circle_6,0.6126746194501795,0.6886390598671076,0.6293154107804119,0.7284638519725275,0.5728843551192444,0.8453221059004179,0.8442030425211433,0.7429587920814769,0.7744546171875031
anthropic_sonnet_3.7_reasoning_circle_0,0.7186518362655229,0.6293154107804119,0.6717776781100985,0.7820752752171181,0.6714800177396348,0.7814182635808989,0.7012359678874798,0.7209847041536308,0.7305430369026877
gemini_2.0_flash_circle_2,0.7543185150943786,0.7284638519725275,0.7820752752171181,0.6449881309141645,0.6819457753614262,0.7482800531329635,0.72031204661745,0.7583206016229567,0.6943037111122238
gemini_2.0_flash_circle_5,0.6749480759430764,0.5728843551192444,0.6714800177396348,0.6819457753614262,0.47068422633319734,0.7149676198565873,0.6628633058733598,0.6606637066209966,0.703290881346736
openai_4o_circle_4,0.7722939026905831,0.8453221059004179,0.7814182635808989,0.7482800531329635,0.7149676198565873,0.7570643151379942,0.8091479710129803,0.8579480454785803,0.7411949163957753
openai_4o_circle_5,0.8778643383856058,0.8442030425211433,0.7012359678874798,0.72031204661745,0.6628633058733598,0.8091479710129803,0.8197361571536648,0.8302590327669552,0.8794535436171065
openai_4o_circle_6,0.7553188728789949,0.7429587920814769,0.7209847041536308,0.7583206016229567,0.6606637066209966,0.8579480454785803,0.8302590327669552,0.7799483594340422,0.8111137530504094
openai_o3_mini_circle_0,0.7785621830111622,0.7744546171875031,0.7305430369026877,0.6943037111122238,0.703290881346736,0.7411949163957753,0.8794535436171065,0.8111137530504094,0.8970809025150611
