Agent,ME Nash Probability,RD Nash Probability,ME Nash Regret,RD Nash Regret,Probability Difference,Regret Difference
anthropic_3.7_sonnet_circle_5,0.0,3.830984035803008e-27,,-67.23050159690797,3.830984035803008e-27,
anthropic_3.7_sonnet_circle_6,0.0,2.5037592728342563e-07,,47.065738215869146,2.5037592728342563e-07,
anthropic_sonnet_3.7_reasoning_circle_0,0.0,2.7585489179286477e-24,,37.04407447959693,2.7585489179286477e-24,
gemini_2.0_flash_circle_2,0.059680072389433556,2.2555148587414406e-44,-58.17406005302775,-32.5987035107388,0.059680072389433556,25.57535654228895
gemini_2.0_flash_circle_5,0.06756679194525336,1.9826392042602974e-17,-43.24978208185367,101.30123855525369,0.06756679194525335,144.55102063710734
openai_4o_circle_4,0.0,1.5780212935651807e-26,,30.063381148272185,1.5780212935651807e-26,
openai_4o_circle_5,0.0,1.4434176646306627e-17,,-122.5042364139232,1.4434176646306627e-17,
openai_4o_circle_6,0.0,1.4738450958070706e-24,,-72.02231205466217,1.4738450958070706e-24,
openai_o3_mini_circle_0,0.0,0.9999997496240727,,-1.178413083380292e-05,0.9999997496240727,
