Agent,RD Nash Regret,RD Expected Utility,RD Max Utility,RD Nash Value
anthropic_3.7_sonnet_circle_5,-67.23050159690797,533.9361363740693,640.9925000000001,624.922976132477
anthropic_3.7_sonnet_circle_6,47.065738215869146,600.7924837805147,653.5702564102563,624.922976132477
anthropic_sonnet_3.7_reasoning_circle_0,37.04407447959693,548.9725339822614,603.96975,624.922976132477
gemini_2.0_flash_circle_2,-32.5987035107388,480.8592489653247,589.799,624.922976132477
gemini_2.0_flash_circle_5,101.30123855525369,571.4509824902099,580.0170588235295,624.922976132477
openai_4o_circle_4,30.063381148272185,530.8418404563013,638.7826315789474,624.922976132477
openai_4o_circle_5,-122.5042364139232,564.0939985371883,612.51325,624.922976132477
openai_4o_circle_6,-72.02231205466217,539.7763959508287,617.6377500000001,624.922976132477
openai_o3_mini_circle_0,-1.178413083380292e-05,624.9229821741728,686.59825,624.922976132477
