,anthropic_3.7_sonnet_circle_5,anthropic_3.7_sonnet_circle_6,anthropic_sonnet_3.7_reasoning_circle_0,gemini_2.0_flash_circle_2,gemini_2.0_flash_circle_5,openai_4o_circle_4,openai_4o_circle_5,openai_4o_circle_6,openai_o3_mini_circle_0
anthropic_3.7_sonnet_circle_5,0.6585609354589106,0.601801139774748,0.7058975195576475,0.7409312018578013,0.6629693943513291,0.7585875701810012,0.8622843882159902,0.7419138057324403,0.7647446038194068
anthropic_3.7_sonnet_circle_6,0.601801139774748,0.6764173967143349,0.6181465976595135,0.7155353959254693,0.5627170555543433,0.8303197009600114,0.829220498225398,0.7297730862126247,0.7607099372673695
anthropic_sonnet_3.7_reasoning_circle_0,0.7058975195576475,0.6181465976595135,0.6598552633446656,0.7681953472100428,0.6595628857195381,0.7675499959273718,0.6887907403516161,0.7081889847325344,0.7175776803959698
gemini_2.0_flash_circle_2,0.7409312018578013,0.7155353959254693,0.7681953472100428,0.6335411652496107,0.6698429016781762,0.7349999078634013,0.707528265226453,0.7448622611148942,0.6819815142206167
gemini_2.0_flash_circle_5,0.6629693943513291,0.5627170555543433,0.6595628857195381,0.6698429016781762,0.46233072970365996,0.7022786890011213,0.651099099465607,0.6489385377333324,0.6908091841106032
openai_4o_circle_4,0.7585875701810012,0.8303197009600114,0.7675499959273718,0.7349999078634013,0.7022786890011213,0.7436282706499185,0.7947875687082105,0.8427215609157641,0.7280405150167933
openai_4o_circle_5,0.8622843882159902,0.829220498225398,0.6887907403516161,0.707528265226453,0.651099099465607,0.7947875687082105,0.8051878403782358,0.8155239606233817,0.8638453889320168
openai_4o_circle_6,0.7419138057324403,0.7297730862126247,0.7081889847325344,0.7448622611148942,0.6489385377333324,0.8427215609157641,0.8155239606233817,0.7661061789928109,0.7967184629106426
openai_o3_mini_circle_0,0.7647446038194068,0.7607099372673695,0.7175776803959698,0.6819815142206167,0.6908091841106032,0.7280405150167933,0.8638453889320168,0.7967184629106426,0.8811599052172314
