,anthropic_3.7_sonnet_circle_5,anthropic_3.7_sonnet_circle_6,anthropic_sonnet_3.7_reasoning_circle_0,gemini_2.0_flash_circle_2,gemini_2.0_flash_circle_5,openai_4o_circle_4,openai_4o_circle_5,openai_4o_circle_6,openai_o3_mini_circle_0
anthropic_3.7_sonnet_circle_5,308.5235353535354,267.04650000000004,353.20375,356.46725000000004,298.3745,392.5665,442.07574999999997,357.4871794871795,390.1135897435898
anthropic_3.7_sonnet_circle_6,267.04650000000004,312.9308080808081,289.665,336.32324324324327,251.20425000000006,439.1802564102564,419.71384615384613,361.91657894736846,357.15524999999997
anthropic_sonnet_3.7_reasoning_circle_0,353.20375,289.665,293.97300000000007,396.94449999999995,326.04175,401.898,344.905641025641,340.3215,359.4571794871794
gemini_2.0_flash_circle_2,356.46725000000004,336.32324324324327,396.94449999999995,315.38232323232324,333.2405,370.07575757575756,341.9307692307693,365.65578947368425,348.24410256410255
gemini_2.0_flash_circle_5,298.3745,251.20425000000006,326.04175,333.2405,199.84969696969696,348.84435897435895,283.16972972972974,287.7044117647059,326.31374999999997
openai_4o_circle_4,392.5665,439.1802564102564,401.898,370.07575757575756,348.84435897435895,372.81541666666664,400.5607894736842,436.0968421052631,371.7536842105263
openai_4o_circle_5,442.07574999999997,419.71384615384613,344.905641025641,341.9307692307693,283.16972972972974,400.5607894736842,405.9835051546391,395.23275,421.5705
openai_4o_circle_6,357.4871794871795,361.91657894736846,340.3215,365.65578947368425,287.7044117647059,436.0968421052631,395.23275,386.03000000000003,400.39179487179496
openai_o3_mini_circle_0,390.1135897435898,357.15524999999997,359.4571794871794,348.24410256410255,326.31374999999997,371.7536842105263,421.5705,400.39179487179496,451.50550000000004
