,anthropic_3.7_sonnet_circle_5,anthropic_3.7_sonnet_circle_6,anthropic_sonnet_3.7_reasoning_circle_0,gemini_2.0_flash_circle_2,gemini_2.0_flash_circle_5,openai_4o_circle_4,openai_4o_circle_5,openai_4o_circle_6,openai_o3_mini_circle_0
anthropic_3.7_sonnet_circle_5,0.16224949674537228,0.19484795697783605,0.18819036744495343,0.20331428375772562,0.25138757364978914,0.14066006467658326,0.17459408253248715,0.15785483660749144,0.14380771385328983
anthropic_3.7_sonnet_circle_6,0.19484795697783605,0.20429702240250766,0.1744136530724663,0.18941269727055038,0.1911864026638746,0.14819451872692152,0.19302387631336668,0.1879799863265481,0.1740779129747378
anthropic_sonnet_3.7_reasoning_circle_0,0.18819036744495343,0.1744136530724663,0.15263543644343444,0.18554215450614842,0.21096460045304882,0.1830135420244363,0.1676174746307593,0.15593624751996607,0.16835107109611588
gemini_2.0_flash_circle_2,0.20331428375772562,0.18941269727055038,0.18554215450614842,0.14377504196634017,0.19241124373745616,0.17921502734821748,0.19304379645570227,0.16051890081317902,0.1282524768204296
gemini_2.0_flash_circle_5,0.25138757364978914,0.1911864026638746,0.21096460045304882,0.19241124373745616,0.27036020208121736,0.17004881670319824,0.19061045031653093,0.19721981701713928,0.15466846411753524
openai_4o_circle_4,0.14066006467658326,0.14819451872692152,0.1830135420244363,0.17921502734821748,0.17004881670319824,0.14915524781187206,0.15667000384799365,0.1627649099676794,0.1494249034856428
openai_4o_circle_5,0.17459408253248715,0.19302387631336668,0.1676174746307593,0.19304379645570227,0.19061045031653093,0.15667000384799365,0.17964548769392885,0.1655019496410769,0.14972310509656075
openai_4o_circle_6,0.15785483660749144,0.1879799863265481,0.15593624751996607,0.16051890081317902,0.19721981701713928,0.1627649099676794,0.1655019496410769,0.1522822613474718,0.15010421793471126
openai_o3_mini_circle_0,0.14380771385328983,0.1740779129747378,0.16835107109611588,0.1282524768204296,0.15466846411753524,0.1494249034856428,0.14972310509656075,0.15010421793471126,0.15735095366546575
