,anthropic_3.7_sonnet_circle_5,anthropic_3.7_sonnet_circle_6,anthropic_sonnet_3.7_reasoning_circle_0,gemini_2.0_flash_circle_2,gemini_2.0_flash_circle_5,openai_4o_circle_4,openai_4o_circle_5,openai_4o_circle_6,openai_o3_mini_circle_0
anthropic_3.7_sonnet_circle_5,0.8350911153271945,0.8110706558073865,0.7450199451560857,0.6293166933399836,0.6119340178008459,0.7858275337677875,0.8697113748863675,0.8907152412793121,0.9287162540094048
anthropic_3.7_sonnet_circle_6,0.8110706558073865,0.7081867462960318,0.7986323030318064,0.7694656001966739,0.7559132425074104,0.6737461231863617,0.8093086758573549,0.8004791515536569,0.8799734418352548
anthropic_sonnet_3.7_reasoning_circle_0,0.7450199451560857,0.7986323030318064,0.8866556839786428,0.7490694244255311,0.7192312239871272,0.7435708971976801,0.8060358936348653,0.8030871018247979,0.8833461858913452
gemini_2.0_flash_circle_2,0.6293166933399836,0.7694656001966739,0.7490694244255311,0.912209518169169,0.7663330342990115,0.8163711638283893,0.7005617568230978,0.7162457234476748,0.7787077128897679
gemini_2.0_flash_circle_5,0.6119340178008459,0.7559132425074104,0.7192312239871272,0.7663330342990115,0.5110129388413569,0.7977386810313581,0.8196884246850616,0.7468606665513579,0.8171452662420772
openai_4o_circle_4,0.7858275337677875,0.6737461231863617,0.7435708971976801,0.8163711638283893,0.7977386810313581,0.818029106635283,0.8558810026057422,0.8101286056194911,0.8569512558754182
openai_4o_circle_5,0.8697113748863675,0.8093086758573549,0.8060358936348653,0.7005617568230978,0.8196884246850616,0.8558810026057422,0.7117682092467843,0.7790017583255343,0.9015612853884181
openai_4o_circle_6,0.8907152412793121,0.8004791515536569,0.8030871018247979,0.7162457234476748,0.7468606665513579,0.8101286056194911,0.7790017583255343,0.8472266772895186,0.830858499285726
openai_o3_mini_circle_0,0.9287162540094048,0.8799734418352548,0.8833461858913452,0.7787077128897679,0.8171452662420772,0.8569512558754182,0.9015612853884181,0.830858499285726,0.8658499891064007
