,anthropic_3.7_sonnet_circle_5,anthropic_3.7_sonnet_circle_6,anthropic_sonnet_3.7_reasoning_circle_0,gemini_2.0_flash_circle_2,gemini_2.0_flash_circle_5,openai_4o_circle_4,openai_4o_circle_5,openai_4o_circle_6,openai_o3_mini_circle_0
anthropic_3.7_sonnet_circle_5,613.56273,590.0345199999999,589.5559487179487,546.2932200000001,476.7733399999999,573.0782256410257,632.12814,543.6662666666666,665.6124315789473
anthropic_3.7_sonnet_circle_6,618.56672,556.4481699999999,562.11134,555.2395599999999,633.6015599999998,475.9111487179488,605.4862378378378,632.3589099999999,717.304041025641
anthropic_sonnet_3.7_reasoning_circle_0,545.9703692307693,606.5906,647.5188599999999,479.9155487179488,561.6214499999999,574.6608631578947,576.1513555555555,564.6511999999999,617.29995
gemini_2.0_flash_circle_2,457.0884199999999,613.25806,649.005035897436,640.94433,614.17415,646.8525666666668,518.86609,508.6546358974358,558.4858256410256
gemini_2.0_flash_circle_5,612.92289,518.02614,582.66918,534.7274299999999,484.46824,552.9476512820513,652.2339794871795,547.7746736842105,564.946172972973
openai_4o_circle_4,530.0454769230769,478.73305641025644,514.8711052631579,600.3123666666667,609.9806871794871,576.9275647058824,636.92351,505.2437948717948,606.505
openai_4o_circle_5,639.3274399999999,594.1076108108108,613.5185888888889,547.36038,553.3161025641025,582.8375100000001,520.1311499999999,542.836688888889,601.9584210526315
openai_4o_circle_6,716.9429333333334,565.4345099999999,606.0048756756757,507.7988615384616,563.8031263157895,670.2613230769231,582.8060666666667,596.3936666666666,600.5867243243243
openai_o3_mini_circle_0,630.5084,563.8824410256408,654.3363499999999,530.9034564102565,633.3364324324324,615.8180631578947,665.2442105263158,592.9038486486486,624.1938
