,anthropic_3.7_sonnet_circle_5,anthropic_3.7_sonnet_circle_6,anthropic_sonnet_3.7_reasoning_circle_0,gemini_2.0_flash_circle_2,gemini_2.0_flash_circle_5,openai_4o_circle_4,openai_4o_circle_5,openai_4o_circle_6,openai_o3_mini_circle_0
anthropic_3.7_sonnet_circle_5,0.8374264503885765,0.8144309389094323,0.8706803951103066,0.8370434138399041,0.8267175311819068,0.8968258036008262,0.891836974605454,0.8625046797418787,0.8569114239470201
anthropic_3.7_sonnet_circle_6,0.8144309389094323,0.8190626655452908,0.8588947538134419,0.8413978981261873,0.7865539761485549,0.8996374356627869,0.8912464168768387,0.8876198144845799,0.8449778458169881
anthropic_sonnet_3.7_reasoning_circle_0,0.8706803951103066,0.8588947538134419,0.8327132042510087,0.8949356931933611,0.8247665326295573,0.9068930308641775,0.886378074721477,0.8673111642378319,0.869146928457048
gemini_2.0_flash_circle_2,0.8370434138399041,0.8413978981261873,0.8949356931933611,0.832641422926537,0.8356735097632793,0.8706782532521995,0.85106191726521,0.8805394187338756,0.8761232243353637
gemini_2.0_flash_circle_5,0.8267175311819068,0.7865539761485549,0.8247665326295573,0.8356735097632793,0.7033693762208989,0.879085043337712,0.8227544080433749,0.7994212941263925,0.8539316954517387
openai_4o_circle_4,0.8968258036008262,0.8996374356627869,0.9068930308641775,0.8706782532521995,0.879085043337712,0.8876925164338436,0.8904877350191206,0.8996703736154424,0.9065589491444107
openai_4o_circle_5,0.891836974605454,0.8912464168768387,0.886378074721477,0.85106191726521,0.8227544080433749,0.8904877350191206,0.8934816835997967,0.8766289665249605,0.8823397654094769
openai_4o_circle_6,0.8625046797418787,0.8876198144845799,0.8673111642378319,0.8805394187338756,0.7994212941263925,0.8996703736154424,0.8766289665249605,0.8848918040633024,0.8902385944219319
openai_o3_mini_circle_0,0.8569114239470201,0.8449778458169881,0.869146928457048,0.8761232243353637,0.8539316954517387,0.9065589491444107,0.8823397654094769,0.8902385944219319,0.9025237922537988
