,anthropic_3.7_sonnet_circle_5,anthropic_3.7_sonnet_circle_6,anthropic_sonnet_3.7_reasoning_circle_0,gemini_2.0_flash_circle_2,gemini_2.0_flash_circle_5,openai_4o_circle_4,openai_4o_circle_5,openai_4o_circle_6,openai_o3_mini_circle_0
anthropic_3.7_sonnet_circle_5,0.6647757066638285,0.6074802746781153,0.7125590011942902,0.7479232927186452,0.6692257677253213,0.7657462823573988,0.8704216765029134,0.748915169324078,0.7719614192832961
anthropic_3.7_sonnet_circle_6,0.6074802746781153,0.6828006774910428,0.6239799829526682,0.7222878292012122,0.5680273580109236,0.8381553418104764,0.8370457660137277,0.7366598790940728,0.7678886780017098
anthropic_sonnet_3.7_reasoning_circle_0,0.7125590011942902,0.6239799829526682,0.6660822489875208,0.7754447269812038,0.6657871122250868,0.7747932855854507,0.6952907870881696,0.7148720906882329,0.7243493864983199
gemini_2.0_flash_circle_2,0.7479232927186452,0.7222878292012122,0.7754447269812038,0.6395198274795223,0.6761641396275045,0.7419360257183476,0.7142051360407393,0.7518914489739965,0.6884173029968083
gemini_2.0_flash_circle_5,0.6692257677253213,0.5680273580109236,0.6657871122250868,0.6761641396275045,0.46669369682090733,0.7089060201093508,0.6572434540986177,0.6550625033694907,0.6973282786914436
openai_4o_circle_4,0.7657462823573988,0.8381553418104764,0.7747932855854507,0.7419360257183476,0.7089060201093508,0.7506458134690618,0.802287896514008,0.8506742368316127,0.7349109578036661
openai_4o_circle_5,0.8704216765029134,0.8370457660137277,0.6952907870881696,0.7142051360407393,0.6572434540986177,0.802287896514008,0.8127863144684815,0.8232199756077367,0.8719974082207024
openai_4o_circle_6,0.748915169324078,0.7366598790940728,0.7148720906882329,0.7518914489739965,0.6550625033694907,0.8506742368316127,0.8232199756077367,0.773335843500312,0.8042370123646473
openai_o3_mini_circle_0,0.7719614192832961,0.7678886780017098,0.7243493864983199,0.6884173029968083,0.6973282786914436,0.7349109578036661,0.8719974082207024,0.8042370123646473,0.8894753197992641
