,anthropic_3.7_sonnet_circle_5,anthropic_3.7_sonnet_circle_6,anthropic_sonnet_3.7_reasoning_circle_0,gemini_2.0_flash_circle_2,gemini_2.0_flash_circle_5,openai_4o_circle_4,openai_4o_circle_5,openai_4o_circle_6,openai_o3_mini_circle_0
anthropic_3.7_sonnet_circle_5,0.32449899349074457,0.38969591395567216,0.37638073488990686,0.40662856751545123,0.5027751472995783,0.2813201293531665,0.3491881650649743,0.3157096732149829,0.28761542770657966
anthropic_3.7_sonnet_circle_6,0.38969591395567216,0.4085940448050153,0.3488273061449326,0.37882539454110076,0.38237280532774925,0.29638903745384304,0.3860477526267333,0.3759599726530962,0.3481558259494756
anthropic_sonnet_3.7_reasoning_circle_0,0.37638073488990686,0.3488273061449326,0.3052708728868689,0.37108430901229683,0.42192920090609765,0.3660270840488726,0.3352349492615186,0.31187249503993214,0.33670214219223177
gemini_2.0_flash_circle_2,0.40662856751545123,0.37882539454110076,0.37108430901229683,0.28755008393268033,0.3848224874749123,0.35843005469643496,0.38608759291140454,0.32103780162635803,0.2565049536408592
gemini_2.0_flash_circle_5,0.5027751472995783,0.38237280532774925,0.42192920090609765,0.3848224874749123,0.5407204041624347,0.3400976334063965,0.38122090063306185,0.39443963403427856,0.3093369282350705
openai_4o_circle_4,0.2813201293531665,0.29638903745384304,0.3660270840488726,0.35843005469643496,0.3400976334063965,0.2983104956237441,0.3133400076959873,0.3255298199353588,0.2988498069712856
openai_4o_circle_5,0.3491881650649743,0.3860477526267333,0.3352349492615186,0.38608759291140454,0.38122090063306185,0.3133400076959873,0.3592909753878577,0.3310038992821538,0.2994462101931215
openai_4o_circle_6,0.3157096732149829,0.3759599726530962,0.31187249503993214,0.32103780162635803,0.39443963403427856,0.3255298199353588,0.3310038992821538,0.3045645226949436,0.30020843586942253
openai_o3_mini_circle_0,0.28761542770657966,0.3481558259494756,0.33670214219223177,0.2565049536408592,0.3093369282350705,0.2988498069712856,0.2994462101931215,0.30020843586942253,0.3147019073309315
