,anthropic_3.7_sonnet_circle_5,anthropic_3.7_sonnet_circle_6,anthropic_sonnet_3.7_reasoning_circle_0,gemini_2.0_flash_circle_2,gemini_2.0_flash_circle_5,openai_4o_circle_4,openai_4o_circle_5,openai_4o_circle_6,openai_o3_mini_circle_0
anthropic_3.7_sonnet_circle_5,0.8197575203019628,0.7961781144490382,0.7313401994192774,0.6177614424922814,0.6006979403969513,0.7713984960959513,0.8537420970835259,0.8743602992353806,0.9116635532071088
anthropic_3.7_sonnet_circle_6,0.7961781144490382,0.6951833164060067,0.7839681495232881,0.7553369935300354,0.7420334785845515,0.661375077664327,0.7944484872405224,0.785781086982277,0.8638157362359393
anthropic_sonnet_3.7_reasoning_circle_0,0.7313401994192774,0.7839681495232881,0.870375281833996,0.7353153238380472,0.7060250000006594,0.7299177582755757,0.7912357984812303,0.7883411511574343,0.8671265513713038
gemini_2.0_flash_circle_2,0.6177614424922814,0.7553369935300354,0.7353153238380472,0.8954599071709881,0.7522619465018506,0.8013812967508107,0.6876983338119678,0.7030943179778685,0.764409406401622
gemini_2.0_flash_circle_5,0.6006979403969513,0.7420334785845515,0.7060250000006594,0.7522619465018506,0.5016299322292259,0.7830909358375842,0.8046376474461415,0.7331471222554327,0.8021411854185951
openai_4o_circle_4,0.7713984960959513,0.661375077664327,0.7299177582755757,0.8013812967508107,0.7830909358375842,0.8030087971028521,0.8401656723347412,0.7952533617940819,0.8412162740599202
openai_4o_circle_5,0.8537420970835259,0.7944484872405224,0.7912357984812303,0.6876983338119678,0.8046376474461415,0.8401656723347412,0.6986990180266761,0.7646980526976437,0.885007192802776
openai_4o_circle_6,0.8743602992353806,0.785781086982277,0.7883411511574343,0.7030943179778685,0.7331471222554327,0.7952533617940819,0.7646980526976437,0.8316702541331783,0.8156026217922535
openai_o3_mini_circle_0,0.9116635532071088,0.8638157362359393,0.8671265513713038,0.764409406401622,0.8021411854185951,0.8412162740599202,0.885007192802776,0.8156026217922535,0.849951612459971
