,anthropic_3.7_sonnet_circle_5,anthropic_3.7_sonnet_circle_6,anthropic_sonnet_3.7_reasoning_circle_0,gemini_2.0_flash_circle_2,gemini_2.0_flash_circle_5,openai_4o_circle_4,openai_4o_circle_5,openai_4o_circle_6,openai_o3_mini_circle_0
anthropic_3.7_sonnet_circle_5,0.10101010101010101,0.075,0.15,0.075,0.025,0.1,0.125,0.15384615384615385,0.05128205128205128
anthropic_3.7_sonnet_circle_6,0.075,0.10101010101010101,0.1,0.10810810810810811,0.075,0.05128205128205128,0.10256410256410256,0.13157894736842105,0.125
anthropic_sonnet_3.7_reasoning_circle_0,0.15,0.1,0.1,0.125,0.1,0.275,0.1794871794871795,0.125,0.15384615384615385
gemini_2.0_flash_circle_2,0.075,0.10810810810810811,0.125,0.0,0.0,0.030303030303030304,0.07692307692307693,0.10526315789473684,0.05128205128205128
gemini_2.0_flash_circle_5,0.025,0.075,0.1,0.0,0.010101010101010102,0.07692307692307693,0.05405405405405406,0.0,0.05
openai_4o_circle_4,0.1,0.05128205128205128,0.275,0.030303030303030304,0.07692307692307693,0.13541666666666666,0.15789473684210525,0.07894736842105263,0.15789473684210525
openai_4o_circle_5,0.125,0.10256410256410256,0.1794871794871795,0.07692307692307693,0.05405405405405406,0.15789473684210525,0.12371134020618557,0.075,0.05
openai_4o_circle_6,0.15384615384615385,0.13157894736842105,0.125,0.10526315789473684,0.0,0.07894736842105263,0.075,0.125,0.15384615384615385
openai_o3_mini_circle_0,0.05128205128205128,0.125,0.15384615384615385,0.05128205128205128,0.05,0.15789473684210525,0.05,0.15384615384615385,0.25
