,anthropic_3.7_sonnet_circle_5,anthropic_3.7_sonnet_circle_6,anthropic_sonnet_3.7_reasoning_circle_0,gemini_2.0_flash_circle_2,gemini_2.0_flash_circle_5,openai_4o_circle_4,openai_4o_circle_5,openai_4o_circle_6,openai_o3_mini_circle_0
anthropic_3.7_sonnet_circle_5,0.6670244797371864,0.6095352313659099,0.7149694134265694,0.7504533336704176,0.6714895942631628,0.7683366141091877,0.8733660994247586,0.7514485655509906,0.7745727753180516
anthropic_3.7_sonnet_circle_6,0.6095352313659099,0.6851104246172098,0.6260907541043703,0.7247311516710919,0.5699488551637544,0.8409906156405226,0.8398772864211542,0.7391518186817022,0.7704862569521991
anthropic_sonnet_3.7_reasoning_circle_0,0.7149694134265694,0.6260907541043703,0.6683354417729218,0.7780678661910645,0.6680393066352501,0.7774142211289394,0.697642785189912,0.717290327534616,0.7267996827106099
gemini_2.0_flash_circle_2,0.7504533336704176,0.7247311516710919,0.7780678661910645,0.6416831661116328,0.678451436974749,0.7444458132151903,0.7166211167432271,0.7544349132245574,0.6907460497886879
gemini_2.0_flash_circle_5,0.6714895942631628,0.5699488551637544,0.6680393066352501,0.678451436974749,0.4682724070661773,0.711304075203096,0.6594667474100339,0.6572784190598164,0.6996871691272599
openai_4o_circle_4,0.7683366141091877,0.8409906156405226,0.7774142211289394,0.7444458132151903,0.711304075203096,0.7531850640404004,0.8050018395788289,0.8535518590112594,0.7373969812197722
openai_4o_circle_5,0.8733660994247586,0.8398772864211542,0.697642785189912,0.7166211167432271,0.6594667474100339,0.8050018395788289,0.8155357711048307,0.8260047267592002,0.8749471614562492
openai_4o_circle_6,0.7514485655509906,0.7391518186817022,0.717290327534616,0.7544349132245574,0.6572784190598164,0.8535518590112594,0.8260047267592002,0.775951848874897,0.8069575488100593
openai_o3_mini_circle_0,0.7745727753180516,0.7704862569521991,0.7267996827106099,0.6907460497886879,0.6996871691272599,0.7373969812197722,0.8749471614562492,0.8069575488100593,0.8924841965204356
