,anthropic_3.7_sonnet_circle_5,anthropic_3.7_sonnet_circle_6,anthropic_sonnet_3.7_reasoning_circle_0,gemini_2.0_flash_circle_2,gemini_2.0_flash_circle_5,openai_4o_circle_4,openai_4o_circle_5,openai_4o_circle_6,openai_o3_mini_circle_0
anthropic_3.7_sonnet_circle_5,0.8363575830598322,0.8123006950158231,0.7461498143444821,0.6302710913345223,0.612862053884363,0.7870192902080957,0.8710303464007157,0.8920660664663421,0.9301247101010712
anthropic_3.7_sonnet_circle_6,0.8123006950158231,0.709260755642322,0.7998434787029016,0.7706325427447839,0.7570596320602847,0.6747679011808158,0.8105360429133625,0.8016931280856607,0.8813079764138272
anthropic_sonnet_3.7_reasoning_circle_0,0.7461498143444821,0.7998434787029016,0.8880003525939697,0.7502054349016682,0.7203219829723051,0.7446985688145199,0.8072582973126202,0.8043050334759569,0.8846858354465219
gemini_2.0_flash_circle_2,0.6302710913345223,0.7706325427447839,0.7502054349016682,0.91359294076697,0.767495226115666,0.8176092415876522,0.7016242023975414,0.7173319547351803,0.7798886716778934
gemini_2.0_flash_circle_5,0.612862053884363,0.7570596320602847,0.7203219829723051,0.767495226115666,0.511787921817615,0.7989485014689848,0.8209315332771983,0.7479933273084934,0.8183845179759051
openai_4o_circle_4,0.7870192902080957,0.6747679011808158,0.7446985688145199,0.8176092415876522,0.7989485014689848,0.8192696987681621,0.8571789994983966,0.8113572161500939,0.8582508758738712
openai_4o_circle_5,0.8710303464007157,0.8105360429133625,0.8072582973126202,0.7016242023975414,0.8209315332771983,0.8571789994983966,0.7128476501048939,0.7801831630518927,0.9029285592774388
openai_4o_circle_6,0.8920660664663421,0.8016931280856607,0.8043050334759569,0.7173319547351803,0.7479933273084934,0.8113572161500939,0.7801831630518927,0.8485115493583549,0.8321185479922926
openai_o3_mini_circle_0,0.9301247101010712,0.8813079764138272,0.8846858354465219,0.7798886716778934,0.8183845179759051,0.8582508758738712,0.9029285592774388,0.8321185479922926,0.86716310458851
