,anthropic_3.7_sonnet_circle_5,anthropic_3.7_sonnet_circle_6,anthropic_sonnet_3.7_reasoning_circle_0,gemini_2.0_flash_circle_2,gemini_2.0_flash_circle_5,openai_4o_circle_4,openai_4o_circle_5,openai_4o_circle_6,openai_o3_mini_circle_0
anthropic_3.7_sonnet_circle_5,58088.88477248999,75303.238691918,86104.04841687794,71151.616359528,130264.85342457697,32284.54276886872,76826.66816046799,45919.12481270666,43204.6070467042
anthropic_3.7_sonnet_circle_6,75303.238691918,87661.79944196201,56012.06663283,71323.90700440199,75883.496989026,25626.391698598974,65211.04257756865,69906.83564345799,63694.21094042667
anthropic_sonnet_3.7_reasoning_circle_0,86104.04841687794,56012.06663283,64696.72816404799,65554.35427468613,98640.68559421098,52027.39454659895,73149.62850040777,58259.52107689405,50239.596560784
gemini_2.0_flash_circle_2,71151.616359528,71323.90700440199,65554.35427468613,42891.34465587001,60507.28249669201,83980.6968217111,65689.444032285,33548.65825431385,30583.397593931284
gemini_2.0_flash_circle_5,130264.85342457697,75883.496989026,98640.68559421098,60507.28249669201,101111.89663611198,62415.08153048308,69037.52034367487,64111.57379197367,49219.90610677947
openai_4o_circle_4,32284.54276886872,25626.391698598974,52027.39454659895,83980.6968217111,62415.08153048308,35641.90841290588,42984.96293945,60918.51045955999,64539.3142647779
openai_4o_circle_5,76826.66816046799,65211.04257756865,73149.62850040777,65689.444032285,69037.52034367487,42984.96293945,50710.856767717996,51883.05039472222,40886.48415
openai_4o_circle_6,45919.12481270666,69906.83564345799,58259.52107689405,33548.65825431385,64111.57379197367,60918.51045955999,51883.05039472222,47399.89326574221,56060.99640347459
openai_o3_mini_circle_0,43204.6070467042,63694.21094042667,50239.596560784,30583.397593931284,49219.90610677947,64539.3142647779,40886.48415,56060.99640347459,64107.97328010222
