,anthropic_3.7_sonnet_circle_5,anthropic_3.7_sonnet_circle_6,anthropic_sonnet_3.7_reasoning_circle_0,gemini_2.0_flash_circle_2,gemini_2.0_flash_circle_5,openai_4o_circle_4,openai_4o_circle_5,openai_4o_circle_6,openai_o3_mini_circle_0
anthropic_3.7_sonnet_circle_5,0.657445798804509,0.600782114087845,0.7047022281944246,0.7396765882038563,0.6618467928841278,0.7573030591213027,0.8608242880551025,0.7406575282421842,0.7634496670974457
anthropic_3.7_sonnet_circle_6,0.600782114087845,0.6752720238382083,0.6170998943223903,0.7143237848131851,0.56176421067558,0.8289137263818699,0.8278163849196065,0.7285373665183424,0.759421832418236
anthropic_sonnet_3.7_reasoning_circle_0,0.7047022281944246,0.6170998943223903,0.6587379350138518,0.766894567368284,0.6584460524697248,0.7662503088544543,0.687624415778715,0.7069898132472588,0.7163626110975875
gemini_2.0_flash_circle_2,0.7396765882038563,0.7143237848131851,0.766894567368284,0.6324683943981939,0.6687086613487956,0.7337553376283492,0.7063302125329243,0.7436009910256337,0.6808267196629928
gemini_2.0_flash_circle_5,0.6618467928841278,0.56176421067558,0.6584460524697248,0.6687086613487956,0.46154786829268124,0.7010895253785256,0.6499965978862261,0.6478396946181149,0.689639441720915
openai_4o_circle_4,0.7573030591213027,0.8289137263818699,0.7662503088544543,0.7337553376283492,0.7010895253785256,0.7423690900681351,0.7934417604426296,0.8412945863543639,0.7268077290732742
openai_4o_circle_5,0.8608242880551025,0.8278163849196065,0.687624415778715,0.7063302125329243,0.6499965978862261,0.7934417604426296,0.8038244214049275,0.8141430395695078,0.8623826455394671
openai_4o_circle_6,0.7406575282421842,0.7285373665183424,0.7069898132472588,0.7436009910256337,0.6478396946181149,0.8412945863543639,0.8141430395695078,0.7648089367250727,0.7953693850753302
openai_o3_mini_circle_0,0.7634496670974457,0.759421832418236,0.7163626110975875,0.6808267196629928,0.689639441720915,0.7268077290732742,0.8623826455394671,0.7953693850753302,0.8796678432746079
