Agent,ME Nash Probability,RD Nash Probability,ME Nash Regret,RD Nash Regret,Probability Difference,Regret Difference
anthropic_3.7_sonnet_circle_5,0.0,9.918701622548397e-23,,-67.23050162858533,9.918701622548397e-23,
anthropic_3.7_sonnet_circle_6,0.0,2.496692535314509e-07,,47.06573824912948,2.496692535314509e-07,
anthropic_sonnet_3.7_reasoning_circle_0,0.0,7.762543979624991e-22,,37.04407455886309,7.762543979624991e-22,
gemini_2.0_flash_circle_2,0.06544117636868207,7.494024771391497e-38,-54.717516026739546,-32.59870355148928,0.06544117636868207,22.118812475250266
gemini_2.0_flash_circle_5,0.08078739213544886,1.068733869954185e-16,-44.35420228520948,101.30123858755525,0.08078739213544875,145.65544087276473
openai_4o_circle_4,0.0,1.1206331922027047e-24,,30.063381260900655,1.1206331922027047e-24,
openai_4o_circle_5,0.0,6.219942235064113e-15,,-122.5042364522684,6.219942235064113e-15,
openai_4o_circle_6,0.0,2.3045355321292116e-21,,-72.02231204234886,2.3045355321292116e-21,
openai_o3_mini_circle_0,0.0,0.9999997503307402,,-1.1750869930438057e-05,0.9999997503307402,
