Agent,RD Nash Regret,RD Expected Utility,RD Max Utility,RD Nash Value
anthropic_3.7_sonnet_circle_5,-67.23050162858533,533.9361364233841,640.9925000000001,624.9229761998419
anthropic_3.7_sonnet_circle_6,47.06573824912948,600.7924838262935,653.5702564102563,624.9229761998419
anthropic_sonnet_3.7_reasoning_circle_0,37.04407455886309,548.9725340672738,603.96975,624.9229761998419
gemini_2.0_flash_circle_2,-32.59870355148928,480.85924891396746,589.799,624.9229761998419
gemini_2.0_flash_circle_5,101.30123858755525,571.45098253963,580.0170588235295,624.9229761998419
openai_4o_circle_4,30.063381260900655,530.841840460956,638.7826315789474,624.9229761998419
openai_4o_circle_5,-122.5042364522684,564.0939985413172,612.51325,624.9229761998419
openai_4o_circle_6,-72.02231204234886,539.776395991206,617.6377500000001,624.9229761998419
openai_o3_mini_circle_0,-1.1750869930438057e-05,624.9229822244857,686.59825,624.9229761998419
