,anthropic_3.7_sonnet_circle_5,anthropic_3.7_sonnet_circle_6,anthropic_sonnet_3.7_reasoning_circle_0,gemini_2.0_flash_circle_2,gemini_2.0_flash_circle_5,openai_4o_circle_4,openai_4o_circle_5,openai_4o_circle_6,openai_o3_mini_circle_0
anthropic_3.7_sonnet_circle_5,0.6601522779403564,0.6032553282447014,0.7076032458616781,0.7427215833302817,0.6645713894049752,0.7604206163902857,0.8643680067608701,0.7437065615627121,0.7665925278458546
anthropic_3.7_sonnet_circle_6,0.6032553282447014,0.6780518874358813,0.6196402831905743,0.7172644111330307,0.5640768014902509,0.8323260802366659,0.8312242213955133,0.7315365052849946,0.7625481119510652
anthropic_sonnet_3.7_reasoning_circle_0,0.7076032458616781,0.6196402831905743,0.6614497334318326,0.770051609591006,0.6611566493072601,0.7694046988855752,0.6904551299425116,0.7099002481185286,0.7193116305668158
gemini_2.0_flash_circle_2,0.7427215833302817,0.7172644111330307,0.770051609591006,0.6350720501164816,0.6714615058314769,0.7367759569945675,0.7092379320540092,0.7466621415741139,0.6836294500405327
gemini_2.0_flash_circle_5,0.6645713894049752,0.5640768014902509,0.6611566493072601,0.6714615058314769,0.4634479027563594,0.7039756707858711,0.6526724112137275,0.6505066287137408,0.6924784510562384
openai_4o_circle_4,0.7604206163902857,0.8323260802366659,0.7694046988855752,0.7367759569945675,0.7039756707858711,0.7454251693023792,0.7967080883651032,0.8447579079684193,0.7297997475150778
openai_4o_circle_5,0.8643680067608701,0.8312242213955133,0.6904551299425116,0.7092379320540092,0.6526724112137275,0.7967080883651032,0.8071334911858479,0.817494587566616,0.8659327794691591
openai_4o_circle_6,0.7437065615627121,0.7315365052849946,0.7099002481185286,0.7466621415741139,0.6505066287137408,0.8447579079684193,0.817494587566616,0.7679573931209003,0.79864364836808
openai_o3_mini_circle_0,0.7665925278458546,0.7625481119510652,0.7193116305668158,0.6836294500405327,0.6924784510562384,0.7297997475150778,0.8659327794691591,0.79864364836808,0.8832891344420745
