,anthropic_3.7_sonnet_circle_5,anthropic_3.7_sonnet_circle_6,anthropic_sonnet_3.7_reasoning_circle_0,gemini_2.0_flash_circle_2,gemini_2.0_flash_circle_5,openai_4o_circle_4,openai_4o_circle_5,openai_4o_circle_6,openai_o3_mini_circle_0
anthropic_3.7_sonnet_circle_5,0.6617390899827292,0.6047053767433156,0.709304116084013,0.7445068677138117,0.6661688236924312,0.7622484440471426,0.8664456933916718,0.745494213544405,0.7684351909637852
anthropic_3.7_sonnet_circle_6,0.6047053767433156,0.6796817248783781,0.6211297163049668,0.7189885039570414,0.5654326763260091,0.8343267474939557,0.8332222401080102,0.7332949040284531,0.764381053481931
anthropic_sonnet_3.7_reasoning_circle_0,0.709304116084013,0.6211297163049668,0.6630396641758551,0.7719025873247493,0.6627458755631912,0.7712541216361245,0.6921147811343987,0.7116066396591478,0.7210406443046207
gemini_2.0_flash_circle_2,0.7445068677138117,0.7189885039570414,0.7719025873247493,0.6365985766628162,0.6730755019336601,0.7385469498399415,0.710942731581479,0.7484568979014421,0.6852726943041585
gemini_2.0_flash_circle_5,0.6661688236924312,0.5654326763260091,0.6627458755631912,0.6730755019336601,0.4645618952966875,0.7056678213839508,0.6542412438549927,0.6520702554504488,0.6941429657173829
openai_4o_circle_4,0.7622484440471426,0.8343267474939557,0.7712541216361245,0.7385469498399415,0.7056678213839508,0.7472169523119406,0.798623140438873,0.8467884576855788,0.7315539716033301
openai_4o_circle_5,0.8664456933916718,0.8332222401080102,0.6921147811343987,0.710942731581479,0.6542412438549927,0.798623140438873,0.8090736028637352,0.8194596042748403,0.8680142273536294
openai_4o_circle_6,0.745494213544405,0.7332949040284531,0.7116066396591478,0.7484568979014421,0.6520702554504488,0.8467884576855788,0.8194596042748403,0.7698033369737874,0.8005633529591918
openai_o3_mini_circle_0,0.7684351909637852,0.764381053481931,0.7210406443046207,0.6852726943041585,0.6941429657173829,0.7315539716033301,0.8680142273536294,0.8005633529591918,0.8854123019024707
