,anthropic_3.7_sonnet_circle_5,anthropic_3.7_sonnet_circle_6,anthropic_sonnet_3.7_reasoning_circle_0,gemini_2.0_flash_circle_2,gemini_2.0_flash_circle_5,openai_4o_circle_4,openai_4o_circle_5,openai_4o_circle_6,openai_o3_mini_circle_0
anthropic_3.7_sonnet_circle_5,0.6692136325548691,0.6115357063256104,0.7173159199694423,0.7529162972944681,0.673693401442631,0.7708582700825467,0.876232458779632,0.7539147954939573,0.7771148981712576
anthropic_3.7_sonnet_circle_6,0.6115357063256104,0.6873589349223572,0.6281455637554534,0.727109695923873,0.571819408914208,0.8437507197023698,0.8426337365724302,0.7415776910982587,0.773014967984
anthropic_sonnet_3.7_reasoning_circle_0,0.7173159199694423,0.6281455637554534,0.6705288971257012,0.7806214598197296,0.6702317900820637,0.7799656695156039,0.6999324262980409,0.7196444512426957,0.7291850158155115
gemini_2.0_flash_circle_2,0.7529162972944681,0.727109695923873,0.7806214598197296,0.6437891495557582,0.6806780926973384,0.746889060350969,0.718973044123085,0.7569109442642195,0.6930130560337869
gemini_2.0_flash_circle_5,0.673693401442631,0.571819408914208,0.6702317900820637,0.6806780926973384,0.4698092619950636,0.7136385522241998,0.6616310959941061,0.6594355856208604,0.7019835198374992
openai_4o_circle_4,0.7708582700825467,0.8437507197023698,0.7799656695156039,0.746889060350969,0.7136385522241998,0.7556569931153726,0.807643829638996,0.8563531886684995,0.739817094316407
openai_4o_circle_5,0.876232458779632,0.8426337365724302,0.6999324262980409,0.718973044123085,0.6616310959941061,0.807643829638996,0.8182123331883371,0.8287156476173323,0.8778187098056893
openai_4o_circle_6,0.7539147954939573,0.7415776910982587,0.7196444512426957,0.7569109442642195,0.6594355856208604,0.8563531886684995,0.8287156476173323,0.7784984978030142,0.8096059574448128
openai_o3_mini_circle_0,0.7771148981712576,0.773014967984,0.7291850158155115,0.6930130560337869,0.7019835198374992,0.739817094316407,0.8778187098056893,0.8096059574448128,0.8954133008530378
