,anthropic_3.7_sonnet_circle_5,anthropic_3.7_sonnet_circle_6,anthropic_sonnet_3.7_reasoning_circle_0,gemini_2.0_flash_circle_2,gemini_2.0_flash_circle_5,openai_4o_circle_4,openai_4o_circle_5,openai_4o_circle_6,openai_o3_mini_circle_0
anthropic_3.7_sonnet_circle_5,0.10101010101010101,0.1,0.0,0.1,0.05,0.05,0.025,0.05128205128205128,0.0
anthropic_3.7_sonnet_circle_6,0.1,0.1111111111111111,0.025,0.05405405405405406,0.075,0.05128205128205128,0.05128205128205128,0.05263157894736842,0.075
anthropic_sonnet_3.7_reasoning_circle_0,0.0,0.025,0.05,0.025,0.125,0.075,0.0,0.075,0.10256410256410256
gemini_2.0_flash_circle_2,0.1,0.05405405405405406,0.025,0.1111111111111111,0.075,0.0,0.0,0.07894736842105263,0.02564102564102564
gemini_2.0_flash_circle_5,0.05,0.075,0.125,0.075,0.3333333333333333,0.0,0.10810810810810811,0.058823529411764705,0.15
openai_4o_circle_4,0.05,0.05128205128205128,0.075,0.0,0.0,0.052083333333333336,0.02631578947368421,0.05263157894736842,0.05263157894736842
openai_4o_circle_5,0.025,0.05128205128205128,0.0,0.0,0.10810810810810811,0.02631578947368421,0.020618556701030927,0.0,0.075
openai_4o_circle_6,0.05128205128205128,0.05263157894736842,0.075,0.07894736842105263,0.058823529411764705,0.05263157894736842,0.0,0.041666666666666664,0.1794871794871795
openai_o3_mini_circle_0,0.0,0.075,0.10256410256410256,0.02564102564102564,0.15,0.05263157894736842,0.075,0.1794871794871795,0.1
