,anthropic_3.7_sonnet_circle_5,anthropic_3.7_sonnet_circle_6,anthropic_sonnet_3.7_reasoning_circle_0,gemini_2.0_flash_circle_2,gemini_2.0_flash_circle_5,openai_4o_circle_4,openai_4o_circle_5,openai_4o_circle_6,openai_o3_mini_circle_0
anthropic_3.7_sonnet_circle_5,311.1192065609141,279.3672552750904,231.05615827853953,347.11924396010875,312.4762544897412,298.0770537502636,314.40870199272473,300.36088124430256,309.68843442812073
anthropic_3.7_sonnet_circle_6,323.08776042035004,351.8548804875214,290.99407306464167,331.41554384704585,345.5649926048644,290.23199097810317,268.67846127785367,295.93714528859863,327.48017452778726
anthropic_sonnet_3.7_reasoning_circle_0,347.87502456261143,219.23825844828613,292.42035090334855,374.82020947640683,353.143357952546,252.81993431578434,240.32346632323427,302.4991852546879,305.6475372705941
gemini_2.0_flash_circle_2,322.701496229875,320.0325291958028,267.69968770013537,295.24852959838717,306.656005191383,270.37411305569174,350.0401364841639,271.3061550008468,224.21174547088427
gemini_2.0_flash_circle_5,323.383273971846,238.5766490585363,342.21875200082184,340.10487387633464,421.0850795649057,254.59352169078565,269.17716495721675,330.4751844072359,291.9661959011694
openai_4o_circle_4,312.59879486721877,227.06195873867975,195.37569268207343,254.5087675196134,268.2208107777131,275.5521069666789,289.22259200251585,337.0758115467749,237.86243455603167
openai_4o_circle_5,260.7652293096944,268.0317500953415,282.796423959835,344.85656704365675,400.3592615251583,280.4124197591717,298.81140547138375,365.50080155555065,310.0478727051679
openai_4o_circle_6,346.9422454078664,240.82340466998247,255.6075310988264,248.75958395100926,356.44135325966505,375.20014316175457,305.1845182466461,303.2158484215907,297.5917539394443
openai_o3_mini_circle_0,310.8065642174949,334.9647383635142,254.41999081408338,272.3503356508407,280.8310328247886,259.92498957975016,333.11572122077564,316.6892512257814,329.5340859091818
