,anthropic_3.7_sonnet_circle_5,anthropic_3.7_sonnet_circle_6,anthropic_sonnet_3.7_reasoning_circle_0,gemini_2.0_flash_circle_2,gemini_2.0_flash_circle_5,openai_4o_circle_4,openai_4o_circle_5,openai_4o_circle_6,openai_o3_mini_circle_0
anthropic_3.7_sonnet_circle_5,0.660081555423591,0.6031907011329103,0.7075274398937357,0.7426420151133956,0.6645001934660993,0.7603391520651771,0.8642754064883386,0.7436268878245061,0.7665104023201015
anthropic_3.7_sonnet_circle_6,0.6031907011329103,0.6779792473230173,0.6195739007485516,0.7171875701585517,0.5640163715979618,0.8322369126352944,0.8311351718369525,0.7314581353323513,0.7624664197060576
anthropic_sonnet_3.7_reasoning_circle_0,0.7075274398937357,0.6195739007485516,0.6613788719178681,0.7699691134917128,0.6610858191915767,0.7693222720902213,0.6903811610627018,0.7098241960713313,0.7192345702724682
gemini_2.0_flash_circle_2,0.7426420151133956,0.7171875701585517,0.7699691134917128,0.6350040144598424,0.6713895717502197,0.7366970257362623,0.7091619509611365,0.746582151202816,0.6835562123999802
gemini_2.0_flash_circle_5,0.6645001934660993,0.5640163715979618,0.6610858191915767,0.6713895717502197,0.46339825329945716,0.7039002534422621,0.6526024900196533,0.6504369395412687,0.6924042654168019
openai_4o_circle_4,0.7603391520651771,0.8322369126352944,0.7693222720902213,0.7366970257362623,0.7039002534422621,0.7453453114486764,0.7966227365409568,0.8446674085377496,0.7297215636223554
openai_4o_circle_5,0.8642754064883386,0.8311351718369525,0.6903811610627018,0.7091619509611365,0.6526024900196533,0.7966227365409568,0.8070470224819295,0.8174070088721134,0.8658400115615719
openai_4o_circle_6,0.7436268878245061,0.7314581353323513,0.7098241960713313,0.746582151202816,0.6504369395412687,0.8446674085377496,0.8174070088721134,0.7678751213762968,0.7985580891862085
openai_o3_mini_circle_0,0.7665104023201015,0.7624664197060576,0.7192345702724682,0.6835562123999802,0.6924042654168019,0.7297215636223554,0.8658400115615719,0.7985580891862085,0.8831945071375772
