,anthropic_3.7_sonnet_circle_5,anthropic_3.7_sonnet_circle_6,anthropic_sonnet_3.7_reasoning_circle_0,gemini_2.0_flash_circle_2,gemini_2.0_flash_circle_5,openai_4o_circle_4,openai_4o_circle_5,openai_4o_circle_6,openai_o3_mini_circle_0
anthropic_3.7_sonnet_circle_5,0.2,0.125,0.23076923076923078,0.35,0.15,0.23076923076923078,0.2,0.1282051282051282,0.2631578947368421
anthropic_3.7_sonnet_circle_6,0.125,0.25,0.175,0.05,0.15,0.10256410256410256,0.2702702702702703,0.275,0.20512820512820512
anthropic_sonnet_3.7_reasoning_circle_0,0.23076923076923078,0.175,0.35,0.2564102564102564,0.125,0.2894736842105263,0.2777777777777778,0.21621621621621623,0.2
gemini_2.0_flash_circle_2,0.35,0.05,0.2564102564102564,0.15,0.075,0.1111111111111111,0.15,0.23076923076923078,0.23076923076923078
gemini_2.0_flash_circle_5,0.15,0.15,0.125,0.075,0.0,0.10256410256410256,0.1282051282051282,0.13157894736842105,0.35135135135135137
openai_4o_circle_4,0.23076923076923078,0.10256410256410256,0.2894736842105263,0.1111111111111111,0.10256410256410256,0.058823529411764705,0.225,0.15384615384615385,0.2631578947368421
openai_4o_circle_5,0.2,0.2702702702702703,0.2777777777777778,0.15,0.1282051282051282,0.225,0.15,0.16666666666666666,0.3157894736842105
openai_4o_circle_6,0.1282051282051282,0.275,0.21621621621621623,0.23076923076923078,0.13157894736842105,0.15384615384615385,0.16666666666666666,0.2777777777777778,0.2972972972972973
openai_o3_mini_circle_0,0.2631578947368421,0.20512820512820512,0.2,0.23076923076923078,0.35135135135135137,0.2631578947368421,0.3157894736842105,0.2972972972972973,0.3888888888888889
