,anthropic_3.7_sonnet_circle_5,anthropic_3.7_sonnet_circle_6,anthropic_sonnet_3.7_reasoning_circle_0,gemini_2.0_flash_circle_2,gemini_2.0_flash_circle_5,openai_4o_circle_4,openai_4o_circle_5,openai_4o_circle_6,openai_o3_mini_circle_0
anthropic_3.7_sonnet_circle_5,0.1,0.075,0.1282051282051282,0.1,0.075,0.07692307692307693,0.15,0.1282051282051282,0.21052631578947367
anthropic_3.7_sonnet_circle_6,0.075,0.25,0.15,0.05,0.1,0.07692307692307693,0.1891891891891892,0.175,0.1794871794871795
anthropic_sonnet_3.7_reasoning_circle_0,0.1282051282051282,0.15,0.25,0.1282051282051282,0.1,0.18421052631578946,0.2222222222222222,0.21621621621621623,0.15
gemini_2.0_flash_circle_2,0.1,0.05,0.1282051282051282,0.05,0.0,0.0,0.05,0.15384615384615385,0.20512820512820512
gemini_2.0_flash_circle_5,0.075,0.1,0.1,0.0,0.0,0.05128205128205128,0.05128205128205128,0.07894736842105263,0.16216216216216217
openai_4o_circle_4,0.07692307692307693,0.07692307692307693,0.18421052631578946,0.0,0.05128205128205128,0.0,0.1,0.07692307692307693,0.10526315789473684
openai_4o_circle_5,0.15,0.1891891891891892,0.2222222222222222,0.05,0.05128205128205128,0.1,0.1,0.08333333333333333,0.21052631578947367
openai_4o_circle_6,0.1282051282051282,0.175,0.21621621621621623,0.15384615384615385,0.07894736842105263,0.07692307692307693,0.08333333333333333,0.1111111111111111,0.1891891891891892
openai_o3_mini_circle_0,0.21052631578947367,0.1794871794871795,0.15,0.20512820512820512,0.16216216216216217,0.10526315789473684,0.21052631578947367,0.1891891891891892,0.2777777777777778
