,anthropic_3.7_sonnet_circle_5,anthropic_3.7_sonnet_circle_6,anthropic_sonnet_3.7_reasoning_circle_0,gemini_2.0_flash_circle_2,gemini_2.0_flash_circle_5,openai_4o_circle_4,openai_4o_circle_5,openai_4o_circle_6,openai_o3_mini_circle_0
anthropic_3.7_sonnet_circle_5,0.8270207564771553,0.8032324317801344,0.7378200382267796,0.6232349479443523,0.6060202593790907,0.7782332604300063,0.8613064442596732,0.8821073283242006,0.9197410975238953
anthropic_3.7_sonnet_circle_6,0.8032324317801344,0.7013427970903076,0.7909142838164125,0.7620294493355612,0.7486080622527487,0.6672350097424038,0.8014874796851744,0.7927432843094199,0.8714693381227729
anthropic_sonnet_3.7_reasoning_circle_0,0.7378200382267796,0.7909142838164125,0.8780870027715256,0.741830383142787,0.7122805404423085,0.7363849939343222,0.7982463257802285,0.7953260312294954,0.8748094878255734
gemini_2.0_flash_circle_2,0.6232349479443523,0.7620294493355612,0.741830383142787,0.9033938835361001,0.7589271566984465,0.8084817154484506,0.6937914958654523,0.7093238919170352,0.7711822458275882
gemini_2.0_flash_circle_5,0.6060202593790907,0.7486080622527487,0.7122805404423085,0.7589271566984465,0.5060744863566276,0.7900292978199733,0.8117669181440178,0.739642970806041,0.809248336900899
openai_4o_circle_4,0.7782332604300063,0.6672350097424038,0.7363849939343222,0.8084817154484506,0.7900292978199733,0.810123635819997,0.8476097293312644,0.8022994856084732,0.8486696396242419
openai_4o_circle_5,0.8613064442596732,0.8014874796851744,0.7982463257802285,0.6937914958654523,0.8117669181440178,0.8476097293312644,0.7048896486187972,0.7714734495947733,0.8928485557654517
openai_4o_circle_6,0.8821073283242006,0.7927432843094199,0.7953260312294954,0.7093238919170352,0.739642970806041,0.8022994856084732,0.7714734495947733,0.8390390398119316,0.8228290446312914
openai_o3_mini_circle_0,0.9197410975238953,0.8714693381227729,0.8748094878255734,0.7711822458275882,0.809248336900899,0.8486696396242419,0.8928485557654517,0.8228290446312914,0.8574823750890327
