,anthropic_3.7_sonnet_circle_5,anthropic_3.7_sonnet_circle_6,anthropic_sonnet_3.7_reasoning_circle_0,gemini_2.0_flash_circle_2,gemini_2.0_flash_circle_5,openai_4o_circle_4,openai_4o_circle_5,openai_4o_circle_6,openai_o3_mini_circle_0
anthropic_3.7_sonnet_circle_5,1227.1254599999997,1208.60124,1135.5263179487179,1003.3816399999998,1089.69623,1103.1237025641026,1271.45558,1260.6092,1296.1208315789474
anthropic_3.7_sonnet_circle_6,1208.60124,1112.89634,1168.7019400000001,1168.4976199999999,1151.6277,954.6442051282053,1199.5938486486486,1197.79342,1281.186482051282
anthropic_sonnet_3.7_reasoning_circle_0,1135.5263179487179,1168.7019400000001,1295.0377199999998,1128.9205846153845,1144.29063,1089.5319684210526,1189.6699444444441,1170.6560756756758,1271.6363
gemini_2.0_flash_circle_2,1003.3816399999998,1168.4976199999999,1128.9205846153845,1281.88866,1148.9015800000002,1247.1649333333332,1066.22647,1016.4534974358974,1089.3892820512822
gemini_2.0_flash_circle_5,1089.69623,1151.6277,1144.29063,1148.9015800000002,968.93648,1162.9283384615383,1205.550082051282,1111.5778,1198.2826054054055
openai_4o_circle_4,1103.1237025641026,954.6442051282053,1089.5319684210526,1247.1649333333332,1162.9283384615383,1153.8551294117647,1219.76102,1175.505117948718,1222.3230631578947
openai_4o_circle_5,1271.45558,1199.5938486486486,1189.6699444444441,1066.22647,1205.550082051282,1219.76102,1040.2622999999999,1125.6427555555556,1267.2026315789474
openai_4o_circle_6,1260.6092,1197.79342,1170.6560756756758,1016.4534974358974,1111.5778,1175.505117948718,1125.6427555555556,1192.7873333333332,1193.4905729729728
openai_o3_mini_circle_0,1296.1208315789474,1281.186482051282,1271.6363,1089.3892820512822,1198.2826054054055,1222.3230631578947,1267.2026315789474,1193.4905729729728,1248.3876
