,anthropic_3.7_sonnet_circle_5,anthropic_3.7_sonnet_circle_6,anthropic_sonnet_3.7_reasoning_circle_0,gemini_2.0_flash_circle_2,gemini_2.0_flash_circle_5,openai_4o_circle_4,openai_4o_circle_5,openai_4o_circle_6,openai_o3_mini_circle_0
anthropic_3.7_sonnet_circle_5,0.657971059988313,0.6012621042635035,0.7052652445332374,0.740267547034316,0.6623755702077633,0.7579081004829722,0.861512036893734,0.7412492707870227,0.7640596192435292
anthropic_3.7_sonnet_circle_6,0.6012621042635035,0.6758115271452123,0.6175929214610631,0.7148944882194775,0.5622130278021853,0.8295759805265954,0.8284777623519454,0.7291194257546761,0.7600285665572754
anthropic_sonnet_3.7_reasoning_circle_0,0.7052652445332374,0.6175929214610631,0.6592642285397838,0.7675072717905211,0.6589721127983788,0.7668624985513859,0.6881737879327411,0.7075546572342749,0.7169349434082087
gemini_2.0_flash_circle_2,0.740267547034316,0.7148944882194775,0.7675072717905211,0.6329737000799159,0.6692429209086236,0.7343415657219288,0.7068945295371036,0.7441950852270632,0.6813706608508229
gemini_2.0_flash_circle_5,0.6623755702077633,0.5622130278021853,0.6589721127983788,0.6692429209086236,0.4619166183556104,0.7016496553766525,0.650515907589163,0.6483572810800394,0.6901904237641724
openai_4o_circle_4,0.7579081004829722,0.8295759805265954,0.7668624985513859,0.7343415657219288,0.7016496553766525,0.7429622000519206,0.794075674537339,0.841966732090423,0.7273884064292859
openai_4o_circle_5,0.861512036893734,0.8284777623519454,0.6881737879327411,0.7068945295371036,0.650515907589163,0.794075674537339,0.8044666306454846,0.81479349278942,0.8630716394156341
openai_4o_circle_6,0.7412492707870227,0.7291194257546761,0.7075546572342749,0.7441950852270632,0.6483572810800394,0.841966732090423,0.81479349278942,0.7654199748490041,0.7960048392306778
openai_o3_mini_circle_0,0.7640596192435292,0.7600285665572754,0.7169349434082087,0.6813706608508229,0.6901904237641724,0.7273884064292859,0.8630716394156341,0.7960048392306778,0.8803706470244425
