game_num,round_num,player,discount_rate,offer,value,undiscounted_value,items,your_side_of_current_offer,outside_offer,outside_offer_undiscounted,accepting_an_offer_worse_than_outside_offer,making_an_offer_worse_for_you_than_your_outside_offer,walking_away_from_an_offer_better_than_your_outside_offer,offer_no_items_or_all_items,making_offer_worse_than_previous,nash_welfare,proposal_proportion_player_1,proposal_proportion_player_2,concession_size,security_level_player_1,security_level_player_2,average_concession_size,rawlsian_welfare,gini_coefficient,utilitarian_welfare,jain_fairness_index
0,1,1,1.0,"[4, 1, 5, 0, 2]",629.0,629.0,[8 3 9 3 3],,193.0,193,False,False,False,False,False,524.2833203526505,0.5900562851782364,0.4099437148217636,,0,444,,437,0.4837797309997923,1066,
1,1,1,1.0,"[1, 1, 1, 3, 2]",592.0,592.0,[2 4 3 4 4],,899.0,899,False,True,False,False,False,407.8627220033721,0.6781214203894617,0.3218785796105384,,307,25,,281,0.43654551919688134,873,
1,1,2,1.0,"[0, 1, 0, 2, 0]",486.0,486.0,[2 4 3 4 4],486.0,275.40000000000003,306,False,False,False,False,False,280.7846149631422,0.21282798833819241,0.7871720116618076,,753,0,,146,0.3350644714362212,686,
1,2,1,0.9,"[1, 1, 2, 1, 2]",531.9,591.0,[2 4 3 4 4],531.9,809.1,899,False,True,False,False,False,417.5464046067215,0.6670428893905191,0.3329571106094808,-1,308,11,,295,0.44419334620813355,886,
1,2,2,0.9,"[0, 2, 1, 2, 1]",323.19,359.09999999999997,[2 4 3 4 4],323.19,247.86,306,False,False,False,False,False,369.40221980924804,0.46153846153846156,0.5384615384615384,-141,557,0,,342,0.4970414201183432,741,
1,3,1,0.81,[],,,[2 4 3 4 4],,,,,,,,,369.40221980924804,0.46153846153846156,0.5384615384615384,,557,0,,342,0.4970414201183432,741,
2,1,1,1.0,"[2, 2, 4, 2, 6]",541.0,541.0,[4 4 7 5 9],,781.0,781,False,True,False,False,False,533.447279494422,0.507029053420806,0.492970946579194,,240,0,,526,0.499901184816015,1067,
2,1,2,1.0,"[2, 2, 4, 2, 6]",526.0,526.0,[4 4 7 5 9],,113.0,113,False,False,False,False,False,533.447279494422,0.507029053420806,0.492970946579194,,240,0,,526,0.499901184816015,1067,
