game_num,round_num,player,discount_rate,offer,value,items,your_side_of_current_offer,outside_offer,accepting_an_offer_worse_than_outside_offer,making_an_offer_worse_for_you_than_your_outside_offer,walking_away_from_an_offer_better_than_your_outside_offer,offer_no_items_or_all_items,making_offer_worse_than_previous,nash_welfare,security_level_player_1,security_level_player_2,average_concession_size,proposal_proportionality,rawlsian_welfare,concession_size_ratio,gini_coefficient,utilitarian_welfare,jain_fairness_index,proposal_proportion_player_1,proposal_proportion_player_2,concession_size
0,1,1,1.0,"[0, 0, 3, 0, 3]",754.0,[2 3 8 2 7],,621.0,False,False,False,False,False,326.05827699967995,,,,,141,,0.2654448987235105,895,,0.8424581005586592,0.15754189944134078,
0,1,2,1.0,"[0, 0, 2, 0, 2]",614.7,[2 3 8 2 7],614.7,218.70000000000002,False,False,False,False,False,309.22483729480723,,,,,140,,0.28234432602177084,823,,0.1701093560145808,0.8298906439854192,
0,2,1,0.9,"[0, 0, 3, 0, 4]",645.3000000000001,[2 3 8 2 7],645.3000000000001,558.9,False,False,False,False,False,365.18762301041914,,,,,186,,0.3271045573448417,903,,0.7940199335548173,0.2059800664451827,-37
0,2,2,0.9,"[0, 2, 4, 1, 5]",227.61,[2 3 8 2 7],227.61,196.83,False,False,False,False,False,400.9139558558669,,,,,281,,0.441808718693694,853,,0.6705744431418523,0.32942555685814773,-402
0,3,1,0.81,[],,[2 3 8 2 7],,,,,,,,400.9139558558669,,,,,281,,0.441808718693694,853,,0.6705744431418523,0.32942555685814773,
1,1,1,1.0,"[0, 5, 2, 2, 2]",745.0,[2 5 5 5 5],,857.0,False,True,False,False,False,562.6944108483751,,,,,425,,0.4625977061874498,1170,,0.6367521367521367,0.36324786324786323,
1,1,2,1.0,"[0, 5, 2, 2, 2]",425.0,[2 5 5 5 5],,2.0,False,False,False,False,False,562.6944108483751,,,,,425,,0.4625977061874498,1170,,0.6367521367521367,0.36324786324786323,
2,1,1,1.0,"[1, 2, 3, 0, 2]",411.0,[3 6 3 1 3],,425.0,False,True,False,False,False,474.148710849244,,,,,411,,0.4899233354108463,958,,0.4290187891440501,0.5709812108559499,
2,1,2,1.0,"[1, 2, 3, 0, 2]",547.0,[3 6 3 1 3],,131.0,False,False,False,False,False,474.148710849244,,,,,411,,0.4899233354108463,958,,0.4290187891440501,0.5709812108559499,
