,anthropic_3.7_sonnet_circle_5,anthropic_3.7_sonnet_circle_6,anthropic_sonnet_3.7_reasoning_circle_0,gemini_2.0_flash_circle_2,gemini_2.0_flash_circle_5,openai_4o_circle_4,openai_4o_circle_5,openai_4o_circle_6,openai_o3_mini_circle_0
anthropic_3.7_sonnet_circle_5,0.8307331457784534,0.8068380383659937,0.7411320170311135,0.6260325690860504,0.6087406060084452,0.7817266489662763,0.8651727375827439,0.8860669941277735,0.9238696964540554
anthropic_3.7_sonnet_circle_6,0.8068380383659937,0.7044910342730735,0.7944645958279164,0.76545010105782,0.7519684671028166,0.6702301414754581,0.8050852534065766,0.7963018064677783,0.8753812513630612
anthropic_sonnet_3.7_reasoning_circle_0,0.7411320170311135,0.7944645958279164,0.8820286218532323,0.7451603638671985,0.715477875741515,0.7396905310102756,0.8018295503806003,0.7988961470050139,0.8787363945662359
gemini_2.0_flash_circle_2,0.6260325690860504,0.76545010105782,0.7451603638671985,0.9074491019351927,0.7623338826299616,0.8121108853903406,0.696905836232862,0.7125079552030946,0.774643983270499
gemini_2.0_flash_circle_5,0.6087406060084452,0.7519684671028166,0.715477875741515,0.7623338826299616,0.5083461893267116,0.7935756372437045,0.8154108349362668,0.7429631325191485,0.81288094810742
openai_4o_circle_4,0.7817266489662763,0.6702301414754581,0.7396905310102756,0.8121108853903406,0.7935756372437045,0.8137601761302521,0.8514145398710257,0.8059009043195308,0.8524792079643378
openai_4o_circle_5,0.8651727375827439,0.8050852534065766,0.8018295503806003,0.696905836232862,0.8154108349362668,0.8514145398710257,0.7080538071597207,0.7749364942137632,0.896856437550937
openai_4o_circle_6,0.8860669941277735,0.7963018064677783,0.7988961470050139,0.7125079552030946,0.7429631325191485,0.8059009043195308,0.7749364942137632,0.8428053776340168,0.8265226178798013
openai_o3_mini_circle_0,0.9238696964540554,0.8753812513630612,0.8787363945662359,0.774643983270499,0.81288094810742,0.8524792079643378,0.896856437550937,0.8265226178798013,0.8613315026597748
