,anthropic_3.7_sonnet_circle_5,anthropic_3.7_sonnet_circle_6,anthropic_sonnet_3.7_reasoning_circle_0,gemini_2.0_flash_circle_2,gemini_2.0_flash_circle_5,openai_4o_circle_4,openai_4o_circle_5,openai_4o_circle_6,openai_o3_mini_circle_0
anthropic_3.7_sonnet_circle_5,320.18999947609717,329.04979970926223,424.6335469346613,377.52982223053004,332.4739462440995,211.62145776222596,439.00396505944724,287.97292569157753,343.3418438081714
anthropic_3.7_sonnet_circle_6,325.8406431521789,348.1460147445251,253.68713729580455,333.86306544639285,402.5500532350013,224.59387493457294,328.24744818780067,421.21746703380654,318.07711682575814
anthropic_sonnet_3.7_reasoning_circle_0,270.9093870189091,335.08421370529527,335.850974576017,298.9877048203778,426.7911975768543,293.0494873523838,313.06817308032345,321.2110310186983,319.53301393711655
gemini_2.0_flash_circle_2,247.98108819916007,297.5294219544487,298.5112281253493,336.2446181044138,311.91318533687786,363.63421948941277,273.99865807114435,246.60459433447195,251.76829459936198
gemini_2.0_flash_circle_5,456.88955583772747,236.7987232159591,324.4001097496972,342.7187399160879,364.3171196943762,331.9859604279079,381.2907064584571,345.9265611742908,308.54152959420065
openai_4o_circle_4,312.9611317715778,185.06957457990654,283.12575186094375,373.8338916959465,299.23237707319964,240.80947866891378,279.10243911157045,264.0916414699649,307.30902119095896
openai_4o_circle_5,318.66693847436136,277.4302926992105,325.5300540379778,372.5219936882862,281.4081889361098,333.30163809563834,286.31917935592355,302.9430262535495,307.15317887374005
openai_4o_circle_6,302.55167873002046,251.03967054707488,303.3825754441139,216.85214168209427,333.5386171653084,370.67433212610445,275.9373937314123,306.36694907870054,356.32275825271137
openai_o3_mini_circle_0,338.48230877674814,327.38731987649777,306.5181492430253,260.26252780495605,274.12532845102373,382.28743069222037,223.53698161756708,292.10629095754115,343.61394748800416
