,anthropic_3.7_sonnet_circle_5,anthropic_3.7_sonnet_circle_6,anthropic_sonnet_3.7_reasoning_circle_0,gemini_2.0_flash_circle_2,gemini_2.0_flash_circle_5,openai_4o_circle_4,openai_4o_circle_5,openai_4o_circle_6,openai_o3_mini_circle_0
anthropic_3.7_sonnet_circle_5,0.4036592489968718,0.45037551584848057,0.34038879494950536,0.40437633292602315,0.43232512774842907,0.29515487448578076,0.30498849728509914,0.36695989333650786,0.36104479219772767
anthropic_3.7_sonnet_circle_6,0.45037551584848057,0.43271931580121203,0.37964849588697236,0.4040449313568823,0.5002777258759638,0.28692788677996195,0.31144831295936404,0.31840625999857874,0.398790781982144
anthropic_sonnet_3.7_reasoning_circle_0,0.34038879494950536,0.37964849588697236,0.4241367718292146,0.2961865266324938,0.4304990571916624,0.28397790832367004,0.31638448927773405,0.35756502082525526,0.35314582774281816
gemini_2.0_flash_circle_2,0.40437633292602315,0.4040449313568823,0.2961865266324938,0.41127948216176713,0.4092585803786237,0.34302307904950163,0.3826838546591592,0.33220124295829745,0.32807428989041876
gemini_2.0_flash_circle_5,0.43232512774842907,0.5002777258759638,0.4304990571916624,0.4092585803786237,0.6435271007598965,0.3359161363849196,0.4345660380083361,0.4760394041835866,0.3796608546644668
openai_4o_circle_4,0.29515487448578076,0.28692788677996195,0.28397790832367004,0.34302307904950163,0.3359161363849196,0.3178440058637091,0.3110926801144953,0.287981377692706,0.2923863134797743
openai_4o_circle_5,0.30498849728509914,0.31144831295936404,0.31638448927773405,0.3826838546591592,0.4345660380083361,0.3110926801144953,0.3075369896012559,0.34012670743792733,0.33433955928406667
openai_4o_circle_6,0.36695989333650786,0.31840625999857874,0.35756502082525526,0.33220124295829745,0.4760394041835866,0.287981377692706,0.34012670743792733,0.32248382943979703,0.30871845335192105
openai_o3_mini_circle_0,0.36104479219772767,0.398790781982144,0.35314582774281816,0.32807428989041876,0.3796608546644668,0.2923863134797743,0.33433955928406667,0.30871845335192105,0.2920055109730101
