,anthropic_3.7_sonnet_circle_5,anthropic_3.7_sonnet_circle_6,anthropic_sonnet_3.7_reasoning_circle_0,gemini_2.0_flash_circle_2,gemini_2.0_flash_circle_5,openai_4o_circle_4,openai_4o_circle_5,openai_4o_circle_6,openai_o3_mini_circle_0
anthropic_3.7_sonnet_circle_5,0.6599180768746035,0.603041312409996,0.7073522106992636,0.7424580892968804,0.6643356205787989,0.7601508433019692,0.8640613564391932,0.7434427180903105,0.7663205651593362
anthropic_3.7_sonnet_circle_6,0.603041312409996,0.6778113361570629,0.6194204544941415,0.7170099484959584,0.5638766849527639,0.8320307973730613,0.8309293294364369,0.731276979362113,0.7622775840948802
anthropic_sonnet_3.7_reasoning_circle_0,0.7073522106992636,0.6194204544941415,0.6612150720700707,0.7697784197321242,0.660922091922439,0.7691317385300698,0.6902101783871043,0.7096483980526523,0.7190564416412955
gemini_2.0_flash_circle_2,0.7424580892968804,0.7170099484959584,0.7697784197321242,0.6348467467191636,0.6712232926107811,0.7365145722805926,0.7089863169568417,0.7463972495557759,0.6833869200196122
gemini_2.0_flash_circle_5,0.6643356205787989,0.5638766849527639,0.660922091922439,0.6712232926107811,0.46328348615677556,0.7037259225719035,0.6524408637671736,0.6502758496180457,0.6922327816907485
openai_4o_circle_4,0.7601508433019692,0.8320307973730613,0.7691317385300698,0.7365145722805926,0.7037259225719035,0.7451607161225245,0.7964254416340015,0.8444582146870954,0.729540837738704
openai_4o_circle_5,0.8640613564391932,0.8309293294364369,0.6902101783871043,0.7089863169568417,0.6524408637671736,0.7964254416340015,0.8068471458528734,0.8172045664456515,0.8656255740158134
openai_4o_circle_6,0.7434427180903105,0.731276979362113,0.7096483980526523,0.7463972495557759,0.6502758496180457,0.8444582146870954,0.8172045664456515,0.7676849462235226,0.798360314961751
openai_o3_mini_circle_0,0.7663205651593362,0.7622775840948802,0.7190564416412955,0.6833869200196122,0.6922327816907485,0.729540837738704,0.8656255740158134,0.798360314961751,0.8829757715051171
