,anthropic_3.7_sonnet_circle_5,anthropic_3.7_sonnet_circle_6,anthropic_sonnet_3.7_reasoning_circle_0,gemini_2.0_flash_circle_2,gemini_2.0_flash_circle_5,openai_4o_circle_4,openai_4o_circle_5,openai_4o_circle_6,openai_o3_mini_circle_0
anthropic_3.7_sonnet_circle_5,1020.6248484848486,950.7090000000001,1053.4005000000002,1164.16125,1019.0542499999999,1088.28,1253.50575,1105.5425641025643,1135.1028205128205
anthropic_3.7_sonnet_circle_6,950.7090000000001,1072.0239393939394,932.46975,1082.002162162162,947.443,1177.8261538461538,1184.7446153846154,1054.7255263157895,1154.51925
anthropic_sonnet_3.7_reasoning_circle_0,1053.4005000000002,932.46975,995.4155000000001,1116.70225,1065.7710000000002,1078.3717499999998,1005.1771794871796,1051.06125,1060.9010256410254
gemini_2.0_flash_circle_2,1164.16125,1082.002162162162,1116.70225,1020.7295959595959,1068.3235,1075.2375757575755,1078.4626923076924,1090.891842105263,994.3171794871794
gemini_2.0_flash_circle_5,1019.0542499999999,947.443,1065.7710000000002,1068.3235,996.8144444444447,1019.3658974358975,1009.2629729729729,1058.1244117647059,1041.60075
openai_4o_circle_4,1088.28,1177.8261538461538,1078.3717499999998,1075.2375757575755,1019.3658974358975,1087.76625,1144.852368421053,1204.1502631578946,1031.6202631578947
openai_4o_circle_5,1253.50575,1184.7446153846154,1005.1771794871796,1078.4626923076924,1009.2629729729729,1144.852368421053,1158.711649484536,1191.88625,1250.69225
openai_4o_circle_6,1105.5425641025643,1054.7255263157895,1051.06125,1090.891842105263,1058.1244117647059,1204.1502631578946,1191.88625,1110.8765624999999,1151.575128205128
openai_o3_mini_circle_0,1135.1028205128205,1154.51925,1060.9010256410254,994.3171794871794,1041.60075,1031.6202631578947,1250.69225,1151.575128205128,1249.8459999999998
